Nepal Stock Exchange Limited,Unnamed: 1,Unnamed: 2,Unnamed: 3,Unnamed: 4,Unnamed: 5,Unnamed: 6,Unnamed: 7,Unnamed: 8,Unnamed: 9,Unnamed: 10,Unnamed: 11
Company wise Transactions,,,,,,,,,,,
,17July 2003 to 16th July 2004 (Fiscal Year 2060/061),,,,,,,,,,
,Commercial Banks,,,,,,,,,,
,,,,,Traded,,,,,,
,Name of the company,Outstanding,Paid up,Total Paid,Share,Traded,No.of tran-,High,Low,Closing,Market
,,Equity,Value,,Quantity,Amount Rs.,sactions,,,,Cap.
,,,,(in million),( in '000),( in million),,,,,(in million)
1,Nepal Bank Limited,3802846,100,380.28,9.84,2,89,230,174,174,661.7
2,Nabil Bank Limited,4909950,100,491,88.79,73.96,902,1005,705,1000,4909.95
3,Nepal Investment Bank Ltd.,2952930,100,295.29,51.08,41.39,613,942,745,940,2775.75
4,Standard Chartered Bank Nepal,3746404,100,374.64,38.74,64.32,867,1800,1520,1745,6537.47
5,Himalayan Bank Limited,5250000,100,525,178.7,152.15,865,1010,600,840,4410
6,Nepal SBI Bank Limited,4316544,100,431.65,71.06,19.31,622,307,231,307,1325.18
7,Nepal Bangladesh Bank Limited,3600000,100,360,589.9,222.79,2004,477,290,290,1044
8,Everest Bank Limited,3150000,100,315,108.8,56.11,1742,723,400,680,2142
9,Bank of Kathmandu Limited,4635809,100,463.58,327.2,70.96,1688,310,175,295,1367.56
10,Nepal Ind. & Commercial Bank Ltd.,5000000,100,500,101.4,17.68,1010,232,146,218,1090
11,Macha Puchchhre Bank Ltd,5500000,100,550,318,34.04,1864,136,96,125,687.5
12,Laxmi Bank Limited,5500000,100,550,848,108.08,13682,173,102,156,858
13,Everest Bank Limited (Pre),1440000,100,144,6.1,0.62,52,104,100,104,149.76
,,53804483,,5380.45,2737.61,863.41,26000,,,,27958.88
,,,,,,,,,,,
,Finance Group,,,,,,,,,,
,Name of the company,    Outstanding,Paid up,Total Paid,Traded,Traded,No.of trans,High,Low,Closing,Market
,,Equity,Value,up value,Share, Amount Rs.,actions,,,,Cap.
,,,,(in million),( in '000),( in million),,,,,(in million)
1,Nepal Finance & Saving Co. Ltd.,200000,100,20,0.79,0.13,22,170,160,165,33
2,NIDC Capital Markets,600000,100,60,9.15,1.02,93,130,101,107,64.2
3,National Finance Co. Ltd.,420000,100,42,4.71,1.91,52,445,360,360,151.2
4,Nepal Share Market & Finance Ltd.,1200000,100,120,1.88,0.2,36,125,103,103,123.6
5,Annupurna Finance Co. Ltd.,200000,100,20,23.39,9.95,105,450,410,450,90
6,Kathmandu Finance Ltd,300000,100,30,17.8,3.9,95,274,200,205,61.5
7,Peoples Finance Ltd,426255,100,42.63,3.61,0.39,118,118,90,104,44.33
8,Union Finance Ltd,659965,100,66,59.65,7.5,827,140,115,131,86.46
9,Citizen Investment Trust,400000,100,40,0.85,0.14,59,171,160,165,66
10,Nepal Aawas Bikas Beeta Co. Ltd.,363675,100,36.37,7.23,1.14,139,170,145,165,60.01
11,HISEF Finance Ltd.,600000,100,60,0.17,0.02,7,122,111,111,66.6
12,Narayani Finance Ltd,251224,100,25.12,8.26,1.9,67,260,210,220,55.27
13,ACE Finance Co. Ltd.,900000,100,90,7.69,1.38,88,228,162,173,155.7
14,Yeti Finance Ltd.,200000,100,20,1.16,0.22,7,201,185,191,38.2
15,Gorkha Finance Co. Ltd,250000,100,25,53.63,6.21,2327,131,98,104,26
16,Samjhana Finance Co. Ltd,225000,100,22.5,58.19,7.21,62,125,118,124,27.9
17,Universal Finance Ltd,375000,100,37.5,23.79,3.5,58,150,128,130,48.75
18,Nepal Housing & Merchant Fin. Ltd,450000,100,45,4.5,1.01,52,240,217,230,103.5
19,General Fiance Ltd,200000,100,20,0.82,0.13,74,175,150,150,30
20,Mahalaxmi Finance Ltd,495320,100,49.53,4.51,1.17,77,270,250,270,133.74
21,Lalitpur Finance Co. Ltd,225000,100,22.5,9.92,2.4,187,260,229,235,52.88
22,Goodwill Finance Co. Ltd.,337500,95,32.06,10.59,2.1,51,235,180,180,60.75
23,Paschimanchal Finance Co. Ltd.,400000,100,40,2.71,0.63,28,250,220,220,88
24,Pokhara Finance Ltd.,200000,100,20,5.67,1.69,71,328,275,285,57
25,Lumbini Fin. & Leasing Com. Ltd.,600000,85,51,31.35,3.38,331,117,100,100,60
26,Nepal Merchant Bank & Fin. Ltd.,2000000,50,100,33.67,5.4,515,175,142,175,350
27,Siddhartha Finance Ltd,200000,100,20,32.29,4.06,168,173,120,120,24
28,Alpic Everest Finance Ltd,400000,100,40,4.37,0.7,216,176,136,150,60
29,Nepal Bangladesh Fin. & Leasing,300000,100,30,2.06,0.21,102,106,100,100,30
30,United Finance Limited,600000,100,60,55.33,5.71,1924,108,102,106,63.6
31,International Leas & Finance Co. L,1200000,100,120,127.4,14.93,6743,125,109,111,133.2
32,Shree Investment & Finance Co. Lt,400000,100,40,50.86,7.94,2310,180,138,171,68.4
33,Central Finance Co. Ltd.,200000,100,20,36.05,4.64,1365,155,118,130,26
34,Nepal Shreelanka Mer. Bank Ltd,1000000,100,100,24.13,1.92,1069,105,69,95,95
35,Premier Finance Co. Ltd,200000,100,20,37.21,4.28,2593,126,106,117,23.4
36,Nawa Durga Finance Ltd.,200000,100,20,57.18,6.54,3471,138,106,117,23.4
37,Butwal Finance Ltd,500000,100,50,122.3,14.58,8008,127,113,115,57.5
38,Janaki Finance Co. Ltd,200000,100,20,59.62,10.03,3561,180,145,175,35
39,Standard Finance Limited,600000,100,60,69.56,7.1,2335,122,101,101,60.6
40,Om Finance Limited,200000,100,20,64.48,8.82,4126,160,130,160,32
41,Cosmic Merchant & Finance Ltd.,600000,100,60,73.67,9,4381,130,120,126,75.6
,,19278939,,1817.21,1202.2,165.09,47920,,,,2942.27299
,,,,,,,,,,,
,,,,,,,,,,,
,,,,,,,,,,,
,,,,,,,,,,,
,,,,,,,,,,,
,,,,,,,,,,,
,,,,,,,,,,,
,Insurance Group,,,,,,,,,,
,,,,,,,,,,,
,Name of the company,Outstanding,Paid up,Total Paid,Traded,Traded,No.of trans,High,Low,Closing,Market
,,Equity,Value,up value,Share,  Amount Rs.,actions,,,,Cap.
,,,,(in million),( in '000),( in million),,,,,(in million)
1,Nepal Insurance Co. Ltd.,789987,100,79,6.8,2.55,34,446,360,375,296.25
2,Rastriya Beema sasthan,690474,100,69.05,1.88,2.38,83,1350,1111,1200,828.57
3,National Life & Gen. Insurance,300000,100,30,0.96,0.36,39,437,270,270,81
4,Himalayan Ge. Insurance Co.,300000,100,30,1.6,0.27,27,190,165,175,52.5
5,United Insurance Co. Ltd,600000,100,60,7.93,0.93,92,132,105,105,63
6,Everest Insurance Co. Ltd,300000,100,30,2.94,1.84,171,651,350,350,105
7,Premier Insurance Co. (Nepal ) Ltd.,300000,100,30,1.93,0.39,110,210,192,210,63
8,Neco Insurance Co.,500000,100,50,2.12,0.25,99,130,110,112,56
9,Alliance Insurance Co. Ltd.,500000,100,50,31.55,3.3,85,122,103,103,51.5
10,Sagarmatha Insurance Company L,561000,100,56.1,2.97,0.43,165,154,128,131,73.49
11,NB Insurance Co. Limited,1000000,100,100,2.05,0.28,12,150,124,124,124
12,Nepal Life Insurance Co. Ltd,2500000,100,250,118.4,14.52,4982,162,110,162,405
13,Life Insurance Corp. Nepal Ltd,2500000,100,250,75.2,9.36,2790,140,110,140,350
,,10841461,,1084.15,256.33,36.86,8689,,,,2549.3
,,,,,,,,,,,
,Manufacturing & Processing,,,,,,,,,,
,Name of the company,    Outstanding,Paid up,Total Paid,Traded,Traded,No.of trans,High,Low,Closing,Market
,,Equity,Value,up value,Share,Amount Rs.,actions,,,,Cap.
,,,,(in million),( in '000),( in million),,,,,(in million)
1,Bottlers Nepal Ltd. (Balaju),1948887,100,194.89,1914,1025.6,30,554,300,554,1079.68
2,Nepal Lube Oil Ltd.,203936,100,20.39,0.02,0.01,1,350,350,350,71.38
3,Gorakhkali Rubber Udyog Ltd.,3833400,75,287.51,6.16,0.13,15,28,21,28,107.34
4,Arun Vanaspati Udyog Ltd.,550343,100,55.03,0.12,0.01,12,60,58,58,31.92
5,Bottlers Nepal (Tarai) Ltd.,1210000,100,121,0.05,0.02,2,480,456,456,551.76
6,Harisddhi Bricks & Tile Fact. Ltd,1865000,10,18.65,52.96,0.08,2,1.5,1.5,1.5,2.8
7,Nepal Lever Ltd,1210000,100,121,4.28,5.72,59,1400,1186,1400,1694
8,Shree Bhrikuti Paper ( Nepal ) Ltd.,3500000,100,350,0.32,0.02,21,60,58,58,203
9,Shree Ram Sugar Mills Ltd.,3045990,100,304.6,0.08,0.01,8,100,100,100,304.6
10,Nepal Bitumin & Barrel Udyog Ltd.,210680,100,21.07,0.01,0,1,63,63,63,13.27
11,Himalayan Distillery Limited,4130000,100,413,0.22,0.02,12,105,95,100,413
,,21708236,,1907.14,1978.22,1031.62,163,,,,4472.75
,,,,,,,,,,,
,,,,,,,,,,,
,,,,,,,,,,,
,Hotel,,,,,,,,,,
,Name of the company,    Outstanding,Paid up,Total Paid,Traded,Traded,No.of trans,High,Low,Closing,Market
,,Equity,Value,up value,Share,Amount Rs.,actions,,,,Cap.
,,,,(in million),( in '000),( in million),,,,,(in million)
1,Soaltee Hotel Ltd.,8697187,10,86.97,14.7,1,30,75,63,65,565.32
2,Taragaon Regency Hotel Ltd.,7449875,100,744.99,10.14,0.36,109,44,32,39,290.55
3,Oriental Hotels Limited,5000000,100,500,35.64,1.46,393,47,38,42,210
4,Taragaon Regency Hotel Ltd. (Pre.),,100,0,0.56,0.02,17,46,38,39,
,,21147062,,1331.96,61.04,2.84,549,,,,1065.86
,,,,,,,,,,,
,Trading,,,,,,,,,,
,Name of the company,    Outstanding,Paid up,Total Paid,Traded,Traded,No.of trans,High,Low,Closing,Market
,,Equity,Value,up value,Share,Amount Rs.,actions,,,,Cap.
,,,,(in million),( in '000),( in million),,,,,(in million)
1,Salt Trading Corporation,247777,100,24.78,0.17,0.05,4,315,300,315,78.05
2,Bishal Bazar Co. Ltd.,373000,100,37.3,8.23,11.76,42,1575,1400,1400,522.2
3,Nepal Welfare Company Ltd.,41000,50,2.05,0.24,0.02,5,80,80,80,3.28
,,661777,,64.13,8.64,11.83,51,,,,603.53
,,,,,,,,,,,
,Development Banking,,,,,,,,,,
,,Outstanding,Paid up,Total Paid,Share,Traded,No.of tr-,High,Low,Closing,Market
,Name of the company,Equity,Value,up value,Quantity,Amount Rs.,ansactions,,,,Cap.
,,,,(in million),( in '000),( in million),,,,,(in million)
1,Nepal Indestrail Development Cor.,2978784,100,297.88,0.01,0,1,120,120,120,357.45
2,Nepal Development Bank Limited,1600000,100,160,22.05,2.49,822,135,102,102,163.2
3,Development Credit Bank Ltd,1600000,100,160,189.5,29.72,1138,167,138,167,267.2
4,Nirdhan Utthan Bank Ltd,100000,100,10,1.2,0.12,112,103,86,90,9
,,6278784,,627.88,212.76,32.33,2073,,,,796.85
,,,,,,,,,,,
,,,,,,,,,,,
,Other,,,,,,,,,,
,Name of the company,    Outstanding,Paid up,Total Paid,Traded,Traded,No.of trans,High,Low,Closing,Market
,,Equity,Value,up value, share,Amount Rs.,actions,,,,Capitali-
,,,,(in million),( in '000),( in million),,,,,
1,Necon Air Ltd,1792000,100,179.2,7.77,0.18,58,27,19,26,46.59
2,Nepal Film Dev. Co. Ltd.,446623,100,44.66,1.75,0.09,24,51,42,42,18.76
3,NCM Mutual Fund,,,,2.2,0.02,6,11,10,11,0
,,2238623,,223.86,11.72,0.29,88,,,,65.35
,,,,,,,,,,,
Nepal Stock Exchange Limited,,,,,,,,,,,
Company wise Transactions,,,,,,,,,,,
,17th July to 17 th August 2003,,,,,,,,,,
,Commercial Banks,,,"Srawan, 2060",,,,,,,
,,,,,Traded,,,,,,
,Name of the company,Outstanding,Paid up,Total Paid,Share,Traded,No.of tran-,High,Low,Closing,Market
,,Equity,Value,,Quantity,Amount Rs.,sactions,,,,Cap.
,,,,(in million),( in '000),( in million),,,,,(in million)
1,Nepal Bank Limited,3802846,100,380.28,1.73,0.36,25,225,204,225,855.64
2,Nabil Bank Limited,4909950,100,491,5.47,3.94,66,735,705,721,3540.07
3,Nepal Investment Bank Ltd.,2366451,100,236.65,3.87,3.1,80,864,770,850,2011.48
4,Standard Chartered Bank Nepal,3395488,100,339.55,4.46,7.36,71,1720,1615,1720,5840.24
5,Himalayan Bank Limited,4290000,100,429,1.31,1.07,44,830,800,820,3517.8
6,Nepal SBI Bank Limited,4316544,100,431.65,1.77,0.47,35,270,250,270,1165.47
7,Nepal Bangladesh Bank Limited,3600000,100,360,5.78,2.13,126,397,355,390,1404
8,Everest Bank Limited,2632110,100,263.21,5.9,2.71,104,781,445,478,1258.15
9,Bank of Kathmandu Limited,4635809,100,463.58,12.31,2.4,96,200,189,198,917.89
10,Nepal Ind. & Commercial Bank Ltd.,5000000,100,500,2.15,0.38,38,181,175,181,905
11,Macha Puchchhre Bank Ltd,5500000,100,550,33.16,3.38,313,103,100,103,566.5
,,44449198,,4444.92,77.91,27.3,998,,,,21982.24
,,,,,,,,,,,
,Development Banking,,,,,,,,,,
,,Outstanding,Paid up,Total Paid,Share,Traded,No.of tr-,High,Low,Closing,Market
,Name of the company,Equity,Value,up value,Quantity,Amount Rs.,ansactions,,,,Cap.
,,,,(in million),( in '000),( in million),,,,,(in million)
1,Nepal Development Bank Limited,1440000,100,144,1.73,0.23,84,135,130,132,190.08
2,Development Credit Bank Ltd,1600000,100,160,4.45,0.65,160,152,140,150,240
,,3040000,,304,6.18,0.88,244,,,,430.08
,,,,,,,,,,,
,Insurance Group,,,,,,,,,,
,,,,,,,,,,,
,Name of the company,Outstanding,Paid up,Total Paid,Traded,Traded,No.of trans,High,Low,Closing,Market
,,Equity,Value,up value,Share,  Amount Rs.,actions,,,,Cap.
,,,,(in million),( in '000),( in million),,,,,(in million)
1,Nepal Insurance Company Ltd,631768,100,63.18,0.28,0.12,6,446,425,446,281.77
2,Rastriya Beema Sansthan  ,574783,100,57.48,0.23,0.26,8,1170,1111,1170,672.5
3,National Life & Gen. Ins. Co. Ltd,300000,100,30,0.04,0.02,3,437,437,437,131.1
4,Himalyan Gen.Insurance Co.Ltd,300000,100,30,0.01,0,1,132,132,132,39.6
6,Everest Insurance Co. Ltd.,300000,100,30,1.6,0.99,87,635,575,610,183
7,Premier Insurance Co. (Nepal ) Ltd.,300000,100,30,0.34,0.07,10,194,192,194,58.2
8,Neco Insurance Limited,500000,100,50,0.66,0.08,19,130,125,125,62.5
9,Alliance Insurance Co. Ltd.,500000,100,50,0.64,0.08,7,122,110,121,60.5
10,Sagarmatha Ins. Company Ltd.,510000,100,51,0.29,0.04,16,150,148,150,76.5
11,Nepal Life Insurance Co. Ltd,2500000,100,250,5.72,0.65,166,116,112,113,282.5
12,Life Insurance Corp. Nepal Ltd,2500000,100,250,8.37,1.05,516,128,120,121,302.5
,,8916551,,891.66,18.18,3.36,839,,,,2150.66
,,,,,,,,,,,
,Finance Group,,,,,,,,,,
,Name of the company,    Outstanding,Paid up,Total Paid,Traded,Traded,No.of trans,High,Low,Closing,Market
,,Equity,Value,up value,Share, Amount Rs.,actions,,,,Cap.
,,,,(in million),( in '000),( in million),,,,,(in million)
1,NIDC Capital Markets,600000,100,60,0.15,0.02,8,130,125,130,78
2,National Finance Co. Ltd.,300000,100,30,0.2,0.08,4,433,412,412,123.6
3,Nepal Share Markets & Finance C,600000,100,60,0.02,0,2,125,125,125,75
4,Annupurna Finance Co. Ltd,200000,100,20,0.07,0.03,3,420,420,420,84
5,Kathmandu Finance Ltd,200000,100,20,0.05,0.01,4,235,235,235,47
6,People Finance Ltd,200000,100,20,0.03,0,1,92,92,92,18.4
7,Union Finance Ltd,600000,100,60,10.88,1.31,102,126,119,121,72.6
8,Citizen Investment Trust,400000,88,35.2,0.09,0.02,8,170,170,170,68
9,Nepal Aawas Bikas Beeta CO.Ltd,363675,50,18.18,0.35,0.06,14,165,150,165,60.01
10,Narayani Finance Ltd,125455,100,12.55,0.77,0.2,13,260,255,260,32.62
11,Ace Finance Co. Ltd,900000,100,90,0.37,0.08,7,228,228,228,205.2
12,Yeti Finance Co. Ltd,200000,100,20,0.02,0,1,190,190,190,38
13,Gorkha Finance Co. Ltd,250000,100,25,6.31,0.64,303,103,100,102,25.5
14,Samjhana Finance Co. Ltd,225000,100,22.5,1.01,0.12,11,125,120,120,27
15,Nepal Housing & Merchant Fin.Ltd,450000,100,45,0.13,0.03,8,230,228,228,102.6
16,Maha laxmi Finance Ltd,495320,100,49.53,0.14,0.04,5,265,257,265,131.26
17,Lalitpur Finance Co. Ltd,225000,100,22.5,2.47,0.62,18,260,245,245,55.13
18,Goodwill Finance Co. Ltd,337500,95,32.06,0.07,0.02,4,235,203,203,68.51
19,Paschimanchal Finance Co. Ltd,400000,100,40,1.69,0.4,12,240,235,240,96
20,Pokhara Finance Ltd,200000,100,20,0.14,0.04,7,285,275,285,57
21,Lumbini Fin. & Leasing Com. Ltd.,600000,60,36,2.8,0.32,38,117,110,115,69
22,Nepal Merchant Bank & Fin. Ltd.,2000000,50,100,10.91,1.69,34,170,150,155,310
23,Siddhartha Finance Ltd,200000,100,20,0.17,0.03,10,156,150,156,31.2
24,Alpic Everest Finance Ltd,200000,100,20,0.05,0.01,4,142,136,142,28.4
25,Nepal Bangladesh Fin. Leasing Co.,300000,100,30,0.27,0.03,16,106,102,103,30.9
26,United Finance Limited,600000,100,60,2.78,0.29,51,108,103,105,63
27,International Leas & Finance Co. L,1200000,100,120,24.72,2.94,1256,125,112,122,146.4
28,Shree Investment & Finance Co. Lt,400000,100,40,3.45,0.52,192,159,145,151,60.4
29,Central Finance Co. Ltd,200000,100,20,2.7,0.39,144,155,136,150,30
30,Nepal Shreelanka Mer. Bank Ltd,1000000,100,100,5.25,0.41,201,87,75,76,76
31,Premier Finance Co. Ltd,200000,100,20,7.78,0.89,662,121,106,120,24
,,14171950,,1268.52,85.84,11.24,3143,,,,2334.72198
,Manufacturing & Processing,,,,,,,,,,
,Name of the company,    Outstanding,Paid up,Total Paid,Traded,Traded,No.of trans,High,Low,Closing,Market
,,Equity,Value,up value,Share,Amount Rs.,actions,,,,Cap.
,,,,(in million),( in '000),( in million),,,,,(in million)
1,Arun Vanaspati Udyog Ltd,550343,100,55.03,0.02,0,2,60,60,60,33.02
2,Nepal Lever Ltd,920700,100,92.07,0.06,0.07,2,1186,1186,1186,1091.95
3,Nepal Bitumin & Barrel Udyog Ltd,210680,100,21.07,0.01,0,1,63,63,63,13.27
4,Himalayan Distillery Ltd,4130000,100,413,0.03,0,3,105,100,100,413
,,5811723,,581.17,0.12,0.07,8,,,,1551.24
,,,,,,,,,,,
,Hotel,,,,,,,,,,
,Name of the company,    Outstanding,Paid up,Total Paid,Traded,Traded,No.of trans,High,Low,Closing,Market
,,Equity,Value,up value,Share,Amount Rs.,actions,,,,Cap.
,,,,(in million),( in '000),( in million),,,,,(in million)
1,Soaltee Hotels Ltd,8697187,10,86.97,0.1,0.01,1,75,75,75,652.29
2,Taragaon Regency Hotel Ltd.,7449875,100,744.99,1.09,0.05,14,44,44,44,327.79
3,Oriental Hotels Limited,5000000,100,500,4.51,0.2,45,47,44,44,220
,,21147062,,1331.96,5.7,0.26,60,,,,1200.08
,Trading,,,,,,,,,,
,,    Outstanding,Paid up,Total Paid,Traded,Traded,No.of trans,High,Low,Closing,Market
,Name of the company,Equity,Value,up value,Share,Amount Rs.,actions,,,,Cap.
,,,,(in million),( in '000),( in million),,,,,(in million)
1,Bishal Bazar Co. Ltd,273000,100,27.3,1.35,1.95,8,1496,1400,1430,390.39
,,273000,,27,1.35,1.95,8,,,,390.39
        Other,,,,,,,,,,,
,,    Outstanding,Paid up,Total Paid,Traded,Traded,No.of trans,High,Low,Closing,Market
,Name of the company,Equity,Value,up value, share,Amount Rs.,actions,,,,Capitali-
,,,,(in million),( in '000),( in million),,,,,
1,Nepal Flim Devlopment Co. Ltd,446633,100,44.66,0.04,0,4,51,47,51,22.78
,,446633,,44.66,0.04,0,4,,,,22.78
,,,,,,,,,,,
,,,,,,,,,,,
Nepal Stock Exchange Limited,,,,,,,,,,,
Company wise Transactions,,,,,,,,,,,
,18th August to 17 th September 2003,,,,,,,,,,
,Commercial Banks,,,"Bhadra, 2060",,,,,,,
,,,,,Traded,,,,,,
,Name of the company,Outstanding,Paid up,Total Paid,Share,Traded,No.of tran-,High,Low,Closing,Market
,,Equity,Value,,Quantity,Amount Rs.,sactions,,,,Cap.
,,,,(in million),( in '000),( in million),,,,,(in million)
1,Nepal Bank Limited,3802846,100,380.28,1.46,0.33,21,230,220,220,836.63
2,Nabil Bank Limited,4909950,100,491,4.42,3.22,37,750,711,730,3584.26
3,Nepal Investment Bank Ltd.,2366451,100,236.65,5.06,4.12,76,850,765,810,1916.83
4,Standard Chartered Bank Nepal,3395488,100,339.55,2.39,4.11,52,1765,1620,1760,5976.06
5,Himalayan Bank Limited,4290000,100,429,3.2,2.67,65,853,780,832,3569.28
6,Nepal SBI Bank Limited,4316544,100,431.65,2.96,0.87,34,298,271,296,1277.7
7,Nepal Bangladesh Bank Limited,3600000,100,360,8.52,3.16,117,395,340,365,1314
8,Everest Bank Limited,2632110,100,263.21,6.42,2.94,172,480,429,455,1197.61
9,Bank of Kathmandu Limited,4635809,100,463.58,19.72,4.13,126,218,191,204,945.71
10,Nepal Ind. & Commercial Bank Ltd.,5000000,100,500,7.48,1.38,89,199,171,180,900
11,Macha Puchchhre Bank Ltd,5500000,100,550,21.95,2.27,192,106,98,100,550
,,44449198,,4444.92,83.58,29.2,981,,,,22068.07
,,,,,,,,,,,
,Development Banking,,,,,,,,,,
,,Outstanding,Paid up,Total Paid,Share,Traded,No.of tr-,High,Low,Closing,Market
,Name of the company,Equity,Value,up value,Quantity,Amount Rs.,ansactions,,,,Cap.
,,,,(in million),( in '000),( in million),,,,,(in million)
1,Nepal Development Bank Limited,1440000,100,144,0.9,0.12,39,133,128,128,184.32
2,Development Credit Bank Ltd,1600000,100,160,2.01,0.3,60,155,138,152,243.2
3,Nirdhan Utthan Bank Ltd,100000,100,10,0.02,0,2,100,95,95,9.5
,,3140000,,314,2.93,0.42,101,,,,437.02
,,,,,,,,,,,
,Insurance Group,,,,,,,,,,
,,,,,,,,,,,
,Name of the company,Outstanding,Paid up,Total Paid,Traded,Traded,No.of trans,High,Low,Closing,Market
,,Equity,Value,up value,Share,  Amount Rs.,actions,,,,Cap.
,,,,(in million),( in '000),( in million),,,,,(in million)
1,Nepal Insurance Company Ltd,631768,100,63.18,0.11,0.05,2,415,415,415,262.18
2,National Life & Gen. Ins. Co. Ltd,300000,100,30,0.19,0.08,6,416,410,410,123
3,Himalyan Gen.Insurance Co.Ltd,300000,100,30,0.03,0.01,1,190,190,190,57
4,United Insurance Company Ltd,600000,100,60,0.62,0.08,1,126,126,126,75.6
5,Everest Insurance Co. Ltd.,300000,100,30,0.29,0.18,23,645,610,645,193.5
6,Premier Insurance Co. (Nepal ) Ltd.,300000,100,30,0.3,0.06,14,205,192,205,61.5
7,Alliance Insurance Co. Ltd.,500000,100,50,0.28,0.03,26,120,114,114,57
10,Sagarmatha Ins. Company Ltd.,510000,100,51,0.39,0.06,31,150,150,150,76.5
11,Nepal Life Insurance Co. Ltd,2500000,100,250,6.58,0.73,305,112,110,111,277.5
12,Life Insurance Corp. Nepal Ltd,2500000,100,250,16.37,2,342,127,118,125,312.5
,,8441768,,844.18,25.16,3.28,751,,,,1496.28
,,,,,,,,,,,
,Finance Group,,,,,,,,,,
,Name of the company,    Outstanding,Paid up,Total Paid,Traded,Traded,No.of trans,High,Low,Closing,Market
,,Equity,Value,up value,Share, Amount Rs.,actions,,,,Cap.
,,,,(in million),( in '000),( in million),,,,,(in million)
1,Nepal Finance & Saving Co. Ltd,200000,100,20,0.56,0.1,5,170,165,170,34
2,NIDC Capital Markets,600000,100,60,0.18,0.02,2,130,130,130,78
3,National Finance Co. Ltd.,300000,100,30,0.3,0.13,3,435,415,435,130.5
4,Annupurna Finance Co. Ltd,200000,100,20,1.31,0.55,12,421,410,420,84
5,Kathmandu Finance Ltd,200000,100,20,0.1,0.03,3,260,246,260,52
6,People Finance Ltd,200000,100,20,0.04,0,3,92,92,92,18.4
7,Union Finance Ltd,600000,100,60,5.62,0.67,39,120,117,120,72
8,Citizen Investment Trust,400000,88,35.2,0.09,0.02,8,170,170,170,68
9,Nepal Aawas Bikas Beeta CO.Ltd,363675,50,18.18,0.62,0.1,12,170,168,170,61.82
10,Narayani Finance Ltd,125455,100,12.55,0.63,0.16,7,260,260,260,32.62
11,Ace Finance Co. Ltd,900000,100,90,0.06,0.01,2,225,225,225,202.5
12,Yeti Finance Co. Ltd,200000,100,20,0.8,0.15,2,190,185,185,37
13,Gorkha Finance Co. Ltd,250000,100,25,1.15,0.12,84,102,99,100,25
14,Universal Fin. & Capital Mkt. Ltd,375000,84,31.5,0.1,0.01,1,148,148,148,55.5
15,General Finance Ltd,200000,100,20,0.04,0.01,4,175,175,175,35
16,Maha laxmi Finance Ltd,495320,100,49.53,0.32,0.08,12,265,255,265,131.26
17,Lalitpur Finance Co. Ltd,225000,100,22.5,2.98,0.74,33,250,229,230,51.75
18,Goodwill Finance Co. Ltd,337500,95,32.06,0.34,0.07,9,200,200,200,67.5
19,Paschimanchal Finance Co. Ltd,400000,100,40,0.16,0.04,2,250,240,240,96
20,Pokhara Finance Ltd,200000,100,20,4.17,1.27,49,328,299,312,62.4
21,Lumbini Fin. & Leasing Com. Ltd.,600000,60,36,0.87,0.1,37,115,111,115,69
22,Nepal Merchant Bank & Fin. Ltd.,2000000,50,100,1.66,0.26,37,158,150,157,314
23,Siddhartha Finance Ltd,200000,100,20,0.41,0.07,10,165,160,163,32.6
24,Alpic Everest Finance Ltd,200000,100,20,0.9,0.15,40,176,145,176,35.2
25,Nepal Bangladesh Fin. Leasing Co.,300000,100,30,0.04,0,3,105,105,105,31.5
26,United Finance Limited,600000,100,60,8.87,0.91,361,104,102,102,61.2
27,International Leas & Finance Co. L,1200000,100,120,2.84,0.32,131,120,110,115,138
28,Shree Investment & Finance Co. Lt,400000,100,40,4.21,0.62,291,154,138,152,60.8
29,Central Finance Co. Ltd,200000,100,20,0.15,0.02,5,148,135,135,27
30,Nepal Shreelanka Mer. Bank Ltd,1000000,100,100,1.35,0.1,71,78,75,76,76
31,Premier Finance Co. Ltd,200000,100,20,0.03,0,3,118,118,118,23.6
32,Nawadurga Finance Co. Ltd,200000,100,20,34.79,3.87,2516,118,106,107,21.4
,,13871950,,1232.5238,75.69,10.7,3797,,,,2285.55285
,Manufacturing & Processing,,,,,,,,,,
,Name of the company,    Outstanding,Paid up,Total Paid,Traded,Traded,No.of trans,High,Low,Closing,Market
,,Equity,Value,up value,Share,Amount Rs.,actions,,,,Cap.
,,,,(in million),( in '000),( in million),,,,,(in million)
1,Gorakhakali Rubber Udyog Ltd,3833400,75,287.51,1.75,0.04,1,22,22,22,84.33
2,Nepal Lever Ltd,920700,100,92.07,0.13,0.18,8,1400,1243,1350,1242.95
3,Himalayan Distillery Ltd,4130000,100,413,0.06,0.01,1,99,99,99,408.87
,,8884100,,792.58,1.94,0.23,10,,,,1736.15
,,,,,,,,,,,
,Hotel,,,,,,,,,,
,Name of the company,    Outstanding,Paid up,Total Paid,Traded,Traded,No.of trans,High,Low,Closing,Market
,,Equity,Value,up value,Share,Amount Rs.,actions,,,,Cap.
,,,,(in million),( in '000),( in million),,,,,(in million)
1,Soaltee Hotels Ltd,8697187,10,86.97,0.33,0.02,1,72,72,72,626.2
2,Taragaon Regency Hotel Ltd.,7449875,100,744.99,1.12,0.05,5,42,40,40,298
3,Oriental Hotels Limited,5000000,100,500,2.72,0.11,54,44,39,40,200
,,21147062,,1331.96,4.17,0.18,60,,,,1124.19
,Trading,,,,,,,,,,
,,    Outstanding,Paid up,Total Paid,Traded,Traded,No.of trans,High,Low,Closing,Market
,Name of the company,Equity,Value,up value,Share,Amount Rs.,actions,,,,Cap.
,,,,(in million),( in '000),( in million),,,,,(in million)
1,Bishal Bazar Co. Ltd,273000,100,27.3,0.22,0.3,3,1430,1400,1400,382.2
,,273000,,27,0.22,0.3,3,,,,382.2
        Other,,,,,,,,,,,
,,    Outstanding,Paid up,Total Paid,Traded,Traded,No.of trans,High,Low,Closing,Market
,Name of the company,Equity,Value,up value, share,Amount Rs.,actions,,,,Capitali-
,,,,(in million),( in '000),( in million),,,,,
1,Necon Air Ltd,1792000,100,179.2,0.68,0.02,9,23,22,22,39.42
,,1792000,,179.2,0.68,0.02,9,,,,39.42
,,,,,,,,,,,
,,,,,,,,,,,
Nepal Stock Exchange Limited,,,,,,,,,,,
Company wise Transactions,,,,,,,,,,,
,18th September to 17 th October 2003,,,,,,,,,,
,Commercial Banks,,,"Aswin, 2060",,,,,,,
,,,,,Traded,,,,,,
,Name of the company,Outstanding,Paid up,Total Paid,Share,Traded,No.of tran-,High,Low,Closing,Market
,,Equity,Value,,Quantity,Amount Rs.,sactions,,,,Cap.
,,,,(in million),( in '000),( in million),,,,,(in million)
1,Nepal Bank Limited,3802846,100,380.28,4.87,0.98,19,212,198,199,756.77
2,Nabil Bank Limited,4909950,100,491,2.62,1.94,32,755,730,750,3682.46
3,Nepal Investment Bank Ltd.,2366451,100,236.65,0.96,0.77,34,815,800,810,1916.83
4,Standard Chartered Bank Nepal,3395488,100,339.55,1.48,2.58,42,1780,1740,1780,6043.97
5,Himalayan Bank Limited,4290000,100,429,0.61,0.5,19,816,800,816,3500.64
6,Nepal SBI Bank Limited,4316544,100,431.65,2.29,0.66,31,295,286,286,1234.53
7,Nepal Bangladesh Bank Limited,3600000,100,360,2.87,1.05,58,375,365,365,1314
8,Everest Bank Limited,2632110,100,263.21,4.51,2.01,104,458,440,456,1200.24
9,Bank of Kathmandu Limited,4635809,100,463.58,7.38,1.47,56,202,195,196,908.62
10,Nepal Ind. & Commercial Bank Ltd.,5000000,100,500,2.61,0.46,60,180,171,175,875
11,Macha Puchchhre Bank Ltd,5500000,100,550,11.58,1.16,102,101,100,100,550
12,Everest Bank Limited (Pre),,,,0.1,0.01,1,100,100,100,
,,44449198,,4444.92,41.88,13.59,558,,,,21983.06
,Development Banking,,,,,,,,,,
,,Outstanding,Paid up,Total Paid,Share,Traded,No.of tr-,High,Low,Closing,Market
,Name of the company,Equity,Value,up value,Quantity,Amount Rs.,ansactions,,,,Cap.
,,,,(in million),( in '000),( in million),,,,,(in million)
1,Nepal Development Bank Limited,1440000,100,144,1.05,0.13,56,128,125,125,180
2,Development Credit Bank Ltd,1600000,100,160,0.69,0.1,29,155,150,150,240
,,3040000,,304,1.74,0.23,85,,,,420
,,,,,,,,,,,
,Insurance Group,,,,,,,,,,
,Name of the company,Outstanding,Paid up,Total Paid,Traded,Traded,No.of trans,High,Low,Closing,Market
,,Equity,Value,up value,Share,  Amount Rs.,actions,,,,Cap.
,,,,(in million),( in '000),( in million),,,,,(in million)
1,Nepal Insurance Company Ltd,631768,100,63.18,0.74,0.29,1,400,400,400,252.71
2,National Life & Gen. Ins. Co. Ltd,300000,100,30,0.03,0.01,2,400,400,400,120
3,United Insurance Company Ltd,600000,100,60,3.11,0.38,18,122,120,122,73.2
4,Everest Insurance Co. Ltd.,300000,100,30,0.26,0.17,16,650,625,650,195
5,Premier Insurance Co. (Nepal ) Ltd.,300000,100,30,0.19,0.04,7,205,205,205,61.5
6,Alliance Insurance Co. Ltd.,500000,100,50,0.05,0.01,3,114,114,114,57
7,Sagarmatha Ins. Company Ltd.,510000,100,51,0.28,0.04,17,150,150,150,76.5
8,Nepal Life Insurance Co. Ltd,2500000,100,250,5.91,0.66,330,113,110,111,277.5
9,Life Insurance Corp. Nepal Ltd,2500000,100,250,4.99,0.6,213,125,120,123,307.5
,,8141768,,814.18,15.56,2.2,607,,,,1420.91
,,,,,,,,,,,
,Finance Group,,,,,,,,,,
,Name of the company,    Outstanding,Paid up,Total Paid,Traded,Traded,No.of trans,High,Low,Closing,Market
,,Equity,Value,up value,Share, Amount Rs.,actions,,,,Cap.
,,,,(in million),( in '000),( in million),,,,,(in million)
1,NIDC Capital Markets,600000,100,60,1.86,0.23,8,130,120,120,72
2,National Finance Co. Ltd.,300000,100,30,0.1,0.04,2,435,427,427,128.1
3,Annupurna Finance Co. Ltd,200000,100,20,1.99,0.82,5,410,410,410,82
4,Kathmandu Finance Ltd,200000,100,20,0.08,0.02,4,270,258,270,54
5,People Finance Ltd,200000,100,20,0.02,0,2,92,92,92,18.4
6,Union Finance Ltd,600000,100,60,1.52,0.19,67,130,119,122,73.2
7,Citizen Investment Trust,400000,88,35.2,0.11,0.02,10,170,170,170,68
8,Nepal Aawas Bikas Beeta CO.Ltd,363675,50,18.18,0.13,0.02,3,169,168,168,61.1
9,HISEF Finance Company Ltd.,600000,100,60,0.08,0.01,1,122,122,122,73.2
10,Narayani Finance Ltd,125455,100,12.55,1.06,0.27,12,260,260,260,32.62
11,Ace Finance Co. Ltd,900000,100,90,0.56,0.11,13,214,190,190,171
12,Gorkha Finance Co. Ltd,250000,100,25,2.72,0.27,130,101,98,100,25
13,Samjhana Finnce Company Ltd.,225000,100,22.5,0.01,0,1,122,122,122,27.45
14,Maha laxmi Finance Ltd,495320,100,49.53,0.02,0.01,1,255,255,255,126.31
15,Lalitpur Finance Co. Ltd,225000,100,22.5,0.06,0.01,3,230,230,230,51.75
16,Paschimanchal Finance Co. Ltd,400000,100,40,0.05,0.01,1,228,228,228,91.2
17,Lumbini Fin. & Leasing Com. Ltd.,600000,60,36,4.8,0.55,34,115,112,112,67.2
18,Nepal Merchant Bank & Fin. Ltd.,2000000,50,100,1.41,0.23,23,163,157,162,324
19,Siddhartha Finance Ltd,200000,100,20,0.27,0.05,10,173,163,173,34.6
20,Alpic Everest Finance Ltd,200000,100,20,0.6,0.11,18,176,175,175,35
21,Nepal Bangladesh Fin. Leasing Co.,300000,100,30,0.15,0.02,9,105,105,105,31.5
22,United Finance Limited,600000,100,60,7.4,0.75,119,103,102,102,61.2
23,International Leas & Finance Co. L,1200000,100,120,1.28,0.15,70,116,114,115,138
24,Shree Investment & Finance Co. Lt,400000,100,40,2.54,0.4,108,158,153,158,63.2
25,Central Finance Co. Ltd,200000,100,20,13.32,1.65,951,135,121,121,24.2
26,Nepal Shreelanka Mer. Bank Ltd,1000000,100,100,1.69,0.13,70,77,75,75,75
27,Premier Finance Co. Ltd,200000,100,20,0.38,0.04,14,114,115,115,23
28,Nawadurga Finance Co. Ltd,200000,100,20,8.47,0.93,664,115,107,111,22.2
,,13184450,,1171.46,52.68,7.04,2353,,,,2054.42
,Manufacturing & Processing,,,,,,,,,,
,Name of the company,    Outstanding,Paid up,Total Paid,Traded,Traded,No.of trans,High,Low,Closing,Market
,,Equity,Value,up value,Share,Amount Rs.,actions,,,,Cap.
,,,,(in million),( in '000),( in million),,,,,(in million)
1,Gorakhakali Rubber Udyog Ltd,3833400,75,287.51,0.23,0.01,5,22,22,22,84.33
2,Nepal Lever Ltd,920700,100,92.07,0.1,0.13,5,1349,1285,1349,1242.02
,,4754100,,379.58,0.33,0.14,10,,,,1326.36
,,,,,,,,,,,
,Hotel,,,,,,,,,,
,Name of the company,    Outstanding,Paid up,Total Paid,Traded,Traded,No.of trans,High,Low,Closing,Market
,,Equity,Value,up value,Share,Amount Rs.,actions,,,,Cap.
,,,,(in million),( in '000),( in million),,,,,(in million)
1,Soaltee Hotels Ltd,8697187,10,86.97,1.95,0.14,2,71,70,70,608.8
2,Taragaon Regency Hotel Ltd.,7449875,100,744.99,0.24,0.01,7,40,40,40,298
3,Oriental Hotels Limited,5000000,100,500,3.22,0.13,15,40,39,39,195
,,21147062,,1331.96,5.41,0.28,24,,,,1101.8
,Trading,,,,,,,,,,
,,    Outstanding,Paid up,Total Paid,Traded,Traded,No.of trans,High,Low,Closing,Market
,Name of the company,Equity,Value,up value,Share,Amount Rs.,actions,,,,Cap.
,,,,(in million),( in '000),( in million),,,,,(in million)
1,Bishal Bazar Co. Ltd,273000,100,27.3,0.78,1.12,5,1470,1400,1470,401.31
,,273000,,27,0.78,1.12,5,,,,401.31
        Other,,,,,,,,,,,
,,    Outstanding,Paid up,Total Paid,Traded,Traded,No.of trans,High,Low,Closing,Market
,Name of the company,Equity,Value,up value, share,Amount Rs.,actions,,,,Capitali-
,,,,(in million),( in '000),( in million),,,,,
1,Necon Air Ltd,1792000,100,179.2,2,0.04,1,21,21,21,37.63
2,Nepal Film Dev. Com. Ltd.,446623,100,44.66,1.19,0.06,12,50,48,48,21.44
,,2238623,,223.8623,3.19,0.1,13,,,,59.069904
,,,,,,,,,,,
Nepal Stock Exchange Limited,,,,,,,,,,,
Company wise Transactions,,,,,,,,,,,
,18th October to 16 th November 2003,,,,,,,,,,
,Commercial Banks,,,"Kartik, 2060",,,,,,,
,,,,,Traded,,,,,,
,Name of the company,Outstanding,Paid up,Total Paid,Share,Traded,No.of tran-,High,Low,Closing,Market
,,Equity,Value,,Quantity,Amount Rs.,sactions,,,,Cap.
,,,,(in million),( in '000),( in million),,,,,(in million)
1,Nepal Bank Limited,3802846,100,380.28,1.78,0.33,24,198,174,174,661.7
2,Nabil Bank Limited,4909950,100,491,6.36,4.82,75,765,750,758,3721.74
3,Nepal Investment Bank Ltd.,2366451,100,236.65,1.59,1.29,48,816,810,816,1931.02
4,Standard Chartered Bank Nepal,3395488,100,339.55,1.38,2.44,42,1781,1735,1735,5891.17
5,Himalayan Bank Limited,4290000,100,429,0.82,0.68,35,835,820,825,3539.25
6,Nepal SBI Bank Limited,4316544,100,431.65,6.25,1.72,50,290,265,265,1143.88
7,Nepal Bangladesh Bank Limited,3600000,100,360,3.13,1.16,70,375,365,370,1332
8,Everest Bank Limited,2632110,100,263.21,6.18,2.8,110,463,442,456,1200.24
9,Bank of Kathmandu Limited,4635809,100,463.58,10.32,2.05,92,205,197,197,913.25
10,Nepal Ind. & Commercial Bank Ltd.,5000000,100,500,5.96,1.02,73,176,170,170,850
11,Macha Puchchhre Bank Ltd,5500000,100,550,12.34,1.22,80,101,96,98,539
12,Everest Bank Limited (Pre),,,,1.5,0.15,15,102,101,101,
,,44449198,,4444.92,57.61,19.68,714,,,,21723.26
,,,,,,,,,,,
,Development Banking,,,,,,,,,,
,,Outstanding,Paid up,Total Paid,Share,Traded,No.of tr-,High,Low,Closing,Market
,Name of the company,Equity,Value,up value,Quantity,Amount Rs.,ansactions,,,,Cap.
,,,,(in million),( in '000),( in million),,,,,(in million)
1,Nepal Development Bank Limited,1440000,100,144,1.28,0.15,57,125,115,120,172.8
2,Development Credit Bank Ltd,1600000,100,160,4.32,0.67,274,161,145,157,251.2
3,Nirdhan Utthan Bank Ltd,100000,100,10,0.01,0,1,91,91,91,9.1
,,3140000,,314,5.61,0.82,332,,,,433.1
,,,,,,,,,,,
,Insurance Group,,,,,,,,,,
,Name of the company,Outstanding,Paid up,Total Paid,Traded,Traded,No.of trans,High,Low,Closing,Market
,,Equity,Value,up value,Share,  Amount Rs.,actions,,,,Cap.
,,,,(in million),( in '000),( in million),,,,,(in million)
1,Rastriya Beema Sansthan,574783,100,57.48,0.11,0.14,2,1250,1228,1250,718.48
2,National Life & Gen. Ins. Co. Ltd,300000,100,30,0.03,0.01,2,400,400,400,120
3,Himalayan Gen. Insurance Co. Ltd,300000,100,30,0.1,0.02,3,190,185,185,55.5
4,United Insurance Company Ltd,600000,100,60,0.46,0.06,19,122,122,122,73.2
5,Everest Insurance Co. Ltd.,300000,100,30,0.26,0.17,16,651,650,650,195
6,Premier Insurance Co. (Nepal ) Ltd.,300000,100,30,0.08,0.02,6,200,200,200,60
7,Alliance Insurance Co. Ltd.,500000,100,50,0.02,0,2,114,114,114,57
8,Sagarmatha Ins. Company Ltd.,510000,100,51,0.15,0.02,9,150,150,150,76.5
9,Nepal Life Insurance Co. Ltd,2500000,100,250,4.53,0.5,164,111,110,111,277.5
10,Life Insurance Corp. Nepal Ltd,2500000,100,250,4.19,0.51,206,122,120,121,302.5
,,8384783,,838.48,9.93,1.45,429,,,,1935.68
,,,,,,,,,,,
,Finance Group,,,,,,,,,,
,Name of the company,    Outstanding,Paid up,Total Paid,Traded,Traded,No.of trans,High,Low,Closing,Market
,,Equity,Value,up value,Share, Amount Rs.,actions,,,,Cap.
,,,,(in million),( in '000),( in million),,,,,(in million)
1,NIDC Capital Markets,600000,100,60,0.04,0,4,123,123,123,73.8
2,Nepal Share Markets & Finance Lt,1200000,100,120,0.36,0.04,6,125,119,119,142.8
3,Kathmandu Finance Ltd,200000,100,20,0.09,0.02,9,274,274,274,54.8
4,People Finance Ltd,200000,100,20,0.18,0.02,7,91,90,90,18
5,Union Finance Ltd,600000,100,60,2.83,0.37,102,135,122,134,80.4
6,Citizen Investment Trust,400000,88,35.2,0.03,0.01,3,170,165,165,66
7,Nepal Aawas Bikas Beeta CO.Ltd,363675,50,18.18,0.48,0.08,17,164,163,163,59.28
8,HISEF Finance Company Ltd.,600000,100,60,0.01,0,1,116,116,116,69.6
9,Ace Finance Co. Ltd,900000,100,90,0.28,0.05,11,190,181,181,162.9
10,Gorkha Finance Co. Ltd,250000,100,25,2.97,0.3,164,111,100,111,27.75
11,Samjhana Finnce Company Ltd.,225000,100,22.5,4.84,0.57,5,122,118,122,27.45
12,Universal Fin..& Capital Mkt. Ltd,375000,84,31.5,20,3,2,150,150,150,56.25
13,General Finance Ltd,200000,100,20,0.06,0.01,3,175,175,175,35
14,Lalitpur Finance Co. Ltd,225000,100,22.5,0.8,0.18,19,231,230,230,51.75
15,Paschimanchal Finance Co. Ltd,400000,100,40,0.49,0.11,6,220,220,220,88
16,Pokhara Finance Ltd,200000,100,20,0.29,0.08,2,300,285,285,57
17,Lumbini Fin. & Leasing Com. Ltd.,600000,60,36,0.72,0.08,17,112,111,111,66.6
18,Nepal Merchant Bank & Fin. Ltd.,2000000,50,100,1.33,0.22,34,163,161,163,326
19,Siddhartha Finance Ltd,200000,100,20,0.22,0.03,6,147,140,147,29.4
20,Alpic Everest Finance Ltd,200000,100,20,0.1,0.02,7,175,167,167,33.4
21,Nepal Bangladesh Fin. Leasing Co.,300000,100,30,0.22,0.02,7,105,102,102,30.6
22,United Finance Limited,600000,100,60,7.75,0.79,163,103,102,102,61.2
23,International Leas & Finance Co. L,1200000,100,120,2.99,0.35,199,119,111,119,142.8
24,Shree Investment & Finance Co. Lt,400000,100,40,1.41,0.22,92,161,152,159,63.6
25,Central Finance Co. Ltd,200000,100,20,1.61,0.2,81,124,120,124,24.8
26,Nepal Shreelanka Mer. Bank Ltd,1000000,100,100,1.08,0.08,47,75,73,74,74
27,Premier Finance Co. Ltd,200000,100,20,0.89,0.1,49,115,110,110,22
28,Nawadurga Finance Co. Ltd,200000,100,20,0.29,0.03,14,114,111,111,22.2
,,14038675,,1250.88,52.36,6.98,1077,,,,1967.38
,Manufacturing & Processing,,,,,,,,,,
,Name of the company,    Outstanding,Paid up,Total Paid,Traded,Traded,No.of trans,High,Low,Closing,Market
,,Equity,Value,up value,Share,Amount Rs.,actions,,,,Cap.
,,,,(in million),( in '000),( in million),,,,,(in million)
1,Nepal Lube Oil Ltd,203936,100,20.39,0.02,0.01,1,350,350,350,71.38
,,203936,,20.39,0.02,0.01,1,,,,71.38
,,,,,,,,,,,
,Hotel,,,,,,,,,,
,Name of the company,    Outstanding,Paid up,Total Paid,Traded,Traded,No.of trans,High,Low,Closing,Market
,,Equity,Value,up value,Share,Amount Rs.,actions,,,,Cap.
,,,,(in million),( in '000),( in million),,,,,(in million)
1,Soaltee Hotels Ltd,8697187,10,86.97,1.07,0.07,2,67,67,67,582.71
2,Taragaon Regency Hotel Ltd.,7449875,100,744.99,0.02,0,2,40,38,38,283.1
3,Oriental Hotels Limited,5000000,100,500,2.77,0.11,32,40,39,40,200
,,21147062,,1331.96,3.86,0.18,36,,,,1065.81
,Trading,,,,,,,,,,
,,    Outstanding,Paid up,Total Paid,Traded,Traded,No.of trans,High,Low,Closing,Market
,Name of the company,Equity,Value,up value,Share,Amount Rs.,actions,,,,Cap.
,,,,(in million),( in '000),( in million),,,,,(in million)
1,Bishal Bazar Co. Ltd,273000,100,27.3,0.93,1.44,5,1575,1500,1575,429.98
,,273000,,27,0.93,1.44,5,,,,429.98
        Other,,,,,,,,,,,
,,    Outstanding,Paid up,Total Paid,Traded,Traded,No.of trans,High,Low,Closing,Market
,Name of the company,Equity,Value,up value, share,Amount Rs.,actions,,,,Capitali-
,,,,(in million),( in '000),( in million),,,,,
1,Necon Air Ltd,1792000,100,179.2,0.03,0,2,20,20,20,35.84
,,1792000,,179.2,0.03,0,2,,,,35.84
,,,,,,,,,,,
Nepal Stock Exchange Limited,,,,,,,,,,,
Company wise Transactions,,,,,,,,,,,
,17th November to 15 th Decmber 2003,,,,,,,,,,
,Commercial Banks,,,"Marg, 2060",,,,,,,
,,,,,Traded,,,,,,
,Name of the company,Outstanding,Paid up,Total Paid,Share,Traded,No.of tran-,High,Low,Closing,Market
,,Equity,Value,,Quantity,Amount Rs.,sactions,,,,Cap.
,,,,(in million),( in '000),( in million),,,,,(in million)
1,Nabil Bank Limited,4909950,100,491,4.8,3.75,85,800,758,775,3805.21
2,Nepal Investment Bank Ltd.,2366451,100,236.65,9.18,7.03,59,830,760,760,1798.5
3,Standard Chartered Bank Nepal,3395488,100,339.55,4.89,8.58,152,1800,1540,1540,5229.05
4,Himalayan Bank Limited,4290000,100,429,1.7,1.41,52,852,778,850,3646.5
5,Nepal SBI Bank Limited,4316544,100,431.65,4.66,1.2,50,265,250,250,1079.14
6,Nepal Bangladesh Bank Limited,3600000,100,360,23.28,9.64,260,461,380,421,1515.6
7,Everest Bank Limited,2632110,100,263.21,7.91,3.61,141,465,445,445,1171.29
8,Bank of Kathmandu Limited,4635809,100,463.58,26.49,5.14,134,200,175,175,811.27
9,Nepal Ind. & Commercial Bank Ltd.,5000000,100,500,6.67,1.11,96,171,160,163,815
10,Macha Puchchhre Bank Ltd,5500000,100,550,19.87,1.96,177,100,96,100,550
11,Everest Bank Limited (Pre),,,,1.3,0.13,10,103,102,103,
,,40646352,,4064.64,110.75,43.56,1216,,,,20421.56
,,,,,,,,,,,
,Development Banking,,,,,,,,,,
,,Outstanding,Paid up,Total Paid,Share,Traded,No.of tr-,High,Low,Closing,Market
,Name of the company,Equity,Value,up value,Quantity,Amount Rs.,ansactions,,,,Cap.
,,,,(in million),( in '000),( in million),,,,,(in million)
1,Nepal Development Bank Limited,1440000,100,144,1.03,0.12,53,121,117,117,168.48
2,Development Credit Bank Ltd,1600000,100,160,0.72,0.11,44,156,145,150,240
3,Nirdhan Utthan Bank Ltd,100000,100,10,0.57,0.06,57,103,95,103,10.3
,,3140000,,314,2.32,0.29,154,,,,418.78
,,,,,,,,,,,
,Insurance Group,,,,,,,,,,
,,,,,,,,,,,
,Name of the company,Outstanding,Paid up,Total Paid,Traded,Traded,No.of trans,High,Low,Closing,Market
,,Equity,Value,up value,Share,  Amount Rs.,actions,,,,Cap.
,,,,(in million),( in '000),( in million),,,,,(in million)
1,Nepal Insurance Co. Ltd,789987,100,79,1.25,0.48,4,390,380,380,300.2
2,United Insurance Company Ltd,600000,100,60,0.43,0.05,11,122,120,120,72
3,Everest Insurance Co. Ltd.,300000,100,30,0.45,0.29,24,651,650,650,195
4,Premier Insurance Co. (Nepal ) Ltd.,300000,100,30,0.17,0.03,10,200,200,200,60
5,Neco Insurance Ltd,500000,100,50,0.52,0.06,14,125,112,112,56
6,Alliance Insurance Co. Ltd.,500000,100,50,0.19,0.02,7,119,114,114,57
7,Sagarmatha Ins. Company Ltd.,510000,100,51,0.24,0.04,16,149,145,145,73.95
8,Nepal Life Insurance Co. Ltd,2500000,100,250,27.8,3.09,1525,112,110,110,275
9,Life Insurance Corp. Nepal Ltd,2500000,100,250,4.17,0.48,236,121,112,112,280
,,8499987,,850,35.22,4.54,1847,,,,1369.15
,Finance Group,,,,,,,,,,
,Name of the company,    Outstanding,Paid up,Total Paid,Traded,Traded,No.of trans,High,Low,Closing,Market
,,Equity,Value,up value,Share, Amount Rs.,actions,,,,Cap.
,,,,(in million),( in '000),( in million),,,,,(in million)
1,Nepal Finance & Saving Co. Ltd,200000,100,20,0.06,0.01,3,170,170,170,34
2,NIDC Capital Markets,600000,100,60,1.73,0.19,18,120,110,115,69
3,National Finance Co. Ltd,300000,100,30,1.11,0.49,14,445,427,445,133.5
4,Nepal Share Markets & Finance Lt,1200000,100,120,0.01,0,1,119,119,119,142.8
5,Annupurna Finance Co. Ltd,200000,100,20,0.01,0,1,410,410,410,82
6,Kathmandu Finance Ltd,200000,100,20,0.98,0.27,6,274,267,267,53.4
7,People Finance Ltd,200000,100,20,0.39,0.04,4,90,90,90,18
8,Union Finance Ltd,600000,100,60,8.29,1.14,111,140,130,137,82.2
9,Citizen Investment Trust,400000,88,35.2,0.24,0.04,8,160,160,160,64
10,Nepal Aawas Bikas Beeta CO.Ltd,363675,50,18.18,0.45,0.07,13,162,160,160,58.19
11,Ace Finance Co. Ltd,900000,100,90,1.31,0.24,8,184,180,184,165.6
12,Gorkha Finance Co. Ltd,250000,100,25,7.92,0.9,425,121,108,121,30.25
13,Nepal Housing & Merchant Fin. Ltd,450000,100,45,2.01,0.44,16,228,217,217,97.65
14,Mahalaxmi Finance Ltd,495320,100,49.53,0.32,0.08,10,255,255,255,126.31
15,Lalitpur Finance Co. Ltd,225000,100,22.5,0.15,0.04,9,235,230,231,51.98
16,Paschimanchal Finance Co. Ltd,400000,100,40,0.08,0.02,2,220,220,220,88
17,Pokhara Finance Ltd,200000,100,20,0.91,0.26,10,285,285,285,57
18,Lumbini Fin. & Leasing Com. Ltd.,600000,60,36,1.05,0.12,29,113,111,112,67.2
19,Nepal Merchant Bank & Fin. Ltd.,2000000,50,100,1.17,0.18,41,165,144,144,288
20,Siddhartha Finance Ltd,200000,100,20,1.37,0.21,32,150,150,150,30
21,Alpic Everest Finance Ltd,200000,100,20,0.55,0.08,31,165,148,148,29.6
22,Nepal Bangladesh Fin. Leasing Co.,300000,100,30,0.42,0.04,20,103,102,102,30.6
23,United Finance Limited,600000,100,60,6.53,0.67,312,103,102,102,61.2
24,International Leas & Finance Co. L,1200000,100,120,3.81,0.46,190,124,118,119,142.8
25,Shree Investment & Finance Co. Lt,400000,100,40,3.85,0.6,132,158,152,158,63.2
26,Central Finance Co. Ltd,200000,100,20,0.89,0.12,41,135,125,135,27
27,Nepal Shreelanka Mer. Bank Ltd,1000000,100,100,1.71,0.12,126,73,69,70,70
28,Premier Finance Co. Ltd,200000,100,20,5.86,0.67,259,115,108,115,23
29,Nawadurga Finance Co. Ltd,200000,100,20,0.53,0.06,31,130,116,130,26
,,14283995,,1281.4158,53.71,7.56,1903,,,,2212.4696
,Manufacturing & Processing,,,,,,,,,,
,Name of the company,    Outstanding,Paid up,Total Paid,Traded,Traded,No.of trans,High,Low,Closing,Market
,,Equity,Value,up value,Share,Amount Rs.,actions,,,,Cap.
,,,,(in million),( in '000),( in million),,,,,(in million)
1,Arun Vanaspati udyog Ltd,550343,100,55.03,0.01,0,1,60,60,60,33.02
2,Nepal Lever Ltd,920700,100,92.07,0.63,0.85,11,1370,1280,1280,1178.5
3,Shree Bhirkuti Paper ( Nepal ) Ltd,3500000,100,350,0.04,0,2,60,60,60,210
4,Shree Ram Sugar Mills Ltd,3045990,100,304.6,0.08,0.01,8,100,100,100,304.6
,,550343,,801.7,0.76,0.86,22,,,,1726.12
,,,,,,,,,,,
,Hotel,,,,,,,,,,
,Name of the company,    Outstanding,Paid up,Total Paid,Traded,Traded,No.of trans,High,Low,Closing,Market
,,Equity,Value,up value,Share,Amount Rs.,actions,,,,Cap.
,,,,(in million),( in '000),( in million),,,,,(in million)
1,Soaltee Hotels Ltd,8697187,10,86.97,3.98,0.26,6,68,64,68,591.41
2,Taragaon Regency Hotel Ltd.,7449875,100,744.99,0.05,0,2,37,37,37,275.65
3,Oriental Hotels Limited,5000000,100,500,2.77,0.11,27,42,39,41,205
,,21147062,,1331.96,6.8,0.37,35,,,,1072.05
,Trading,,,,,,,,,,
,,    Outstanding,Paid up,Total Paid,Traded,Traded,No.of trans,High,Low,Closing,Market
,Name of the company,Equity,Value,up value,Share,Amount Rs.,actions,,,,Cap.
,,,,(in million),( in '000),( in million),,,,,(in million)
1,Bishal Bazar Co. Ltd,273000,100,27.3,1.6,2.24,2,1400,1400,1400,382.2
2,Nepal Welfare Co. Ltd,41000,50,2.05,0.2,0.02,3,80,80,80,3.28
,,273000,,29,1.8,2.26,5,,,,385.48
,,,,,,,,,,,
,,,,,,,,,,,
,,,,,,,,,,,
,,,,,,,,,,,
,,,,,,,,,,,
,,,,,,,,,,,
,,,,,,,,,,,
,,,,,,,,,,,
,,,,,,,,,,,
,,,,,,,,,,,
Nepal Stock Exchange Limited,,,,,,,,,,,
Company wise Transactions,,,,,,,,,,,
,16th December to 14thJanuary 2004,,,,,,,,,,
,Commercial Banks,,,"Poush, 2060",,,,,,,
,,,,,Traded,,,,,,
,Name of the company,Outstanding,Paid up,Total Paid,Share,Traded,No.of tran-,High,Low,Closing,Market
,,Equity,Value,,Quantity,Amount Rs.,sactions,,,,Cap.
,,,,(in million),( in '000),( in million),,,,,(in million)
1,Nabil Bank Limited,4909950,100,491,5.73,4.56,58,810,760,760,3731.56
2,Nepal Investment Bank Ltd.,2366451,100,236.65,3.47,2.63,32,762,745,750,1774.84
3,Standard Chartered Bank Nepal,3395488,100,339.55,1.81,2.78,56,1571,1520,1570,5330.92
4,Himalayan Bank Limited,4290000,100,429,2.7,2.31,81,870,830,860,3689.4
5,Nepal SBI Bank Limited,4316544,100,431.65,3.5,0.84,41,250,231,250,1079.14
6,Nepal Bangladesh Bank Limited,3600000,100,360,23.11,9.65,121,440,407,435,1566
7,Everest Bank Limited,2632110,100,263.21,3.07,1.36,63,446,400,421,1108.12
8,Bank of Kathmandu Limited,4635809,100,463.58,44.32,8,151,202,175,202,936.43
9,Nepal Ind. & Commercial Bank Ltd.,5000000,100,500,10.75,1.62,92,160,147,156,780
10,Macha Puchchhre Bank Ltd,5500000,100,550,73.61,7.57,327,104,100,100,550
11,Everest Bank Limited (Pre),,,,0.2,0.02,2,102,102,102,
,,40646352,,4064.64,172.27,41.34,1024,,,,20546.4
,,,,,,,,,,,
,Development Banking,,,,,,,,,,
,,Outstanding,Paid up,Total Paid,Share,Traded,No.of tr-,High,Low,Closing,Market
,Name of the company,Equity,Value,up value,Quantity,Amount Rs.,ansactions,,,,Cap.
,,,,(in million),( in '000),( in million),,,,,(in million)
1,Nepal Development Bank Limited,1440000,100,144,0.56,0.07,51,123,116,116,167.04
2,Development Credit Bank Ltd,1600000,100,160,7.28,1.14,76,160,150,160,256
3,Nirdhan Utthan Bank Ltd,100000,100,10,0.32,0.03,32,98,98,98,9.8
,,3140000,,314,8.16,1.24,159,,,,432.84
,,,,,,,,,,,
,Insurance Group,,,,,,,,,,
,,,,,,,,,,,
,Name of the company,Outstanding,Paid up,Total Paid,Traded,Traded,No.of trans,High,Low,Closing,Market
,,Equity,Value,up value,Share,  Amount Rs.,actions,,,,Cap.
,,,,(in million),( in '000),( in million),,,,,(in million)
1,Rastriya Beema sasthan,574783,100,57.48,0.08,0.1,4,1250,1250,1250,718.48
2,National Life & Gen. Ins Co. Ltd,300000,100,30,0.28,0.1,12,400,375,375,112.5
3,United Insurance Co. Ltd,600000,100,60,0.4,0.04,7,113,108,113,67.8
4,Everest Insurance Co. Ltd.,300000,100,30,0.07,0.04,4,650,350,350,105
5,Premier Insurance Co. (Nepal ) Ltd.,300000,100,30,0.07,0.01,5,200,200,200,60
6,Neco Insurance Ltd,500000,100,50,0.26,0.03,22,112,112,112,56
7,Alliance Insurance Co. Ltd.,500000,100,50,0.65,0.07,4,114,113,113,56.5
8,Sagarmatha Ins. Company Ltd.,510000,100,51,0.64,0.1,19,154,145,145,73.95
9,Nepal Life Insurance Co. Ltd,2500000,100,250,6.83,0.75,264,111,110,111,277.5
10,Life Insurance Corp. Nepal Ltd,2500000,100,250,5.63,0.64,276,126,110,126,315
,,8584783,,858.48,14.91,1.88,617,,,,1842.73
,Finance Group,,,,,,,,,,
,Name of the company,    Outstanding,Paid up,Total Paid,Traded,Traded,No.of trans,High,Low,Closing,Market
,,Equity,Value,up value,Share, Amount Rs.,actions,,,,Cap.
,,,,(in million),( in '000),( in million),,,,,(in million)
1,Nepal Finance & Saving Co. Ltd,200000,100,20,0.01,0,1,170,170,170,34
2,NIDC Capital Markets,600000,100,60,0.81,0.09,13,112,101,101,60.6
3,Nepal Share Markets & Finance Lt,1200000,100,120,0.16,0.02,6,119,105,105,126
4,Annupurna Finance Co. Ltd,200000,100,20,4.07,1.71,6,420,420,420,84
5,Kathmandu Finance Ltd,200000,100,20,0.17,0.03,2,200,200,200,40
6,People Finance Ltd,200000,100,20,0.44,0.05,35,114,92,114,22.8
7,Union Finance Ltd,600000,100,60,6.79,0.85,197,137,115,121,72.6
8,Citizen Investment Trust,400000,88,35.2,0.06,0.01,5,160,160,160,64
9,Nepal Aawas Bikas Beeta CO.Ltd,363675,50,18.18,0.37,0.05,15,150,145,145,52.73
10,Hisef Finance Ltd,600000,100,60,0.05,0.01,2,116,116,116,69.6
11,Narayani Finance Ltd,125455,100,12.55,0.22,0.05,4,215,215,215,26.97
12,Gorkha Finance Co. Ltd,250000,100,25,8.29,0.99,575,125,118,125,31.25
13,Samjhana Finance Co. Ltd,225000,100,22.5,1.76,0.22,6,122,122,122,27.45
14,Universal Finance Ltd,375000,84,31.5,0.18,0.03,7,150,130,130,48.75
15,Nepal Housing & Merchant Fin. Ltd,450000,100,45,0.09,0.02,6,220,220,220,99
16,Mahalaxmi Finance Ltd,495320,100,49.53,0.22,0.06,2,255,255,255,126.31
17,Lalitpur Finance Co. Ltd,225000,100,22.5,1.2,0.28,15,235,230,235,52.88
18,Pokhara Finance Ltd,200000,100,20,0.12,0.03,1,285,285,285,57
19,Lumbini Fin. & Leasing Com. Ltd.,600000,60,36,0.79,0.08,30,112,105,105,63
20,Nepal Merchant Bank & Fin. Ltd.,2000000,50,100,2.01,0.29,45,149,142,149,298
21,Siddhartha Finance Ltd,200000,100,20,1.41,0.2,24,148,135,135,27
22,Alpic Everest Finance Ltd,200000,100,20,0.29,0.04,24,148,145,146,29.2
23,Nepal Bangladesh Fin. Leasing Co.,300000,100,30,0.52,0.05,28,103,102,102,30.6
24,United Finance Limited,600000,100,60,2.22,0.23,94,103,102,103,61.8
25,International Leas & Finance Co. L,1200000,100,120,7.13,0.84,422,120,117,119,142.8
26,Shree Investment & Finance Co. Lt,400000,100,40,9.33,1.49,675,180,145,145,58
27,Central Finance Co. Ltd,200000,100,20,2.07,0.27,66,132,118,118,23.6
28,Nepal Shreelanka Mer. Bank Ltd,1000000,100,100,0.96,0.07,41,75,70,75,75
29,Premier Finance Co. Ltd,200000,100,20,4.32,0.51,340,125,113,125,25
30,Nawadurga Finance Co. Ltd,200000,100,20,8.02,1.04,163,138,120,120,24
,,14009450,,1247.96,64.08,9.61,2850,,,,1953.94
,Manufacturing & Processing,,,,,,,,,,
,Name of the company,    Outstanding,Paid up,Total Paid,Traded,Traded,No.of trans,High,Low,Closing,Market
,,Equity,Value,up value,Share,Amount Rs.,actions,,,,Cap.
,,,,(in million),( in '000),( in million),,,,,(in million)
1,Gorkhakali Rubber Udyog Ltd,3833400,75,287.51,4.06,0.09,2,21,21,21,80.5
2,Nepal Lever Ltd,920700,100,92.07,0.38,0.48,7,1280,1275,1280,1178.5
3,Himalayan Distillery Ltd,4130000,100,413,0.03,0,3,100,95,100,413
,,3833400,,792.58,4.47,0.57,12,,,,1672
,,,,,,,,,,,
,Hotel,,,,,,,,,,
,Name of the company,    Outstanding,Paid up,Total Paid,Traded,Traded,No.of trans,High,Low,Closing,Market
,,Equity,Value,up value,Share,Amount Rs.,actions,,,,Cap.
,,,,(in million),( in '000),( in million),,,,,(in million)
1,Soaltee Hotels Ltd,8697187,10,86.97,2.2,0.16,4,74,71,71,617.5
2,Taragaon Regency Hotel Ltd.,7449875,100,744.99,0.67,0.02,17,37,34,34,253.3
3,Oriental Hotels Limited,5000000,100,500,2,0.08,11,41,38,38,190
,,21147062,,1331.96,4.87,0.26,32,,,,1060.8
,Trading,,,,,,,,,,
,,    Outstanding,Paid up,Total Paid,Traded,Traded,No.of trans,High,Low,Closing,Market
,Name of the company,Equity,Value,up value,Share,Amount Rs.,actions,,,,Cap.
,,,,(in million),( in '000),( in million),,,,,(in million)
1,Bishal Bazar Co. Ltd,273000,100,27.3,0.59,0.82,3,1402,1400,1402,382.75
,,273000,,27,0.59,0.82,3,,,,382.75
        Other,,,,,,,,,,,
,,    Outstanding,Paid up,Total Paid,Traded,Traded,No.of trans,High,Low,Closing,Market
,Name of the company,Equity,Value,up value, share,Amount Rs.,actions,,,,Capitali-
,,,,(in million),( in '000),( in million),,,,,
1,Necon Air Ltd,1792000,100,179.2,0.06,0,2,19,19,19,34.05
2,Nepal Flim Dev. Co. Ltd,446623,100,44.66,0.01,0,1,48,48,48,21.44
,,2238623,,223.86,0.07,0,3,,,,55.49
,,,,,,,,,,,
Nepal Stock Exchange Limited,,,,,,,,,,,
Company wise Transactions,,,,,,,,,,,
,15th January to 12thFebruary 2004,,,,,,,,,,
,Commercial Banks,,,"Magh, 2060",,,,,,,
,,,,,Traded,,,,,,
,Name of the company,Outstanding,Paid up,Total Paid,Share,Traded,No.of tran-,High,Low,Closing,Market
,,Equity,Value,,Quantity,Amount Rs.,sactions,,,,Cap.
,,,,(in million),( in '000),( in million),,,,,(in million)
1,Nabil Bank Limited,4909950,100,491,2.35,1.88,34,810,760,785,3854.31
2,Nepal Investment Bank Ltd.,2366451,100,236.65,1.26,0.99,28,793,773,793,1876.6
3,Standard Chartered Bank Nepal,3395488,100,339.55,1.87,3.05,65,1660,1575,1640,5568.6
4,Himalayan Bank Limited,4290000,100,429,10.97,10.39,152,1010,860,990,4247.1
5,Nepal SBI Bank Limited,4316544,100,431.65,7.98,2.14,63,275,250,258,1113.67
6,Nepal Bangladesh Bank Limited,3600000,100,360,15.45,7.15,196,477,440,476,1713.6
7,Everest Bank Limited,2632110,100,263.21,11.65,5.58,166,500,432,485,1276.57
8,Bank of Kathmandu Limited,4635809,100,463.58,22.07,4.39,143,208,192,198,917.89
9,Nepal Ind. & Commercial Bank Ltd.,5000000,100,500,14.34,2.28,94,175,146,162,810
10,Macha Puchchhre Bank Ltd,5500000,100,550,13.7,1.38,103,102,100,100,550
11,Everest Bank Limited (Pre),,,,0.2,0.02,2,102,101,101,
,,40646352,,4064.64,101.84,39.25,1046,,,,21928.34
,,,,,,,,,,,
,Development Banking,,,,,,,,,,
,,Outstanding,Paid up,Total Paid,Share,Traded,No.of tr-,High,Low,Closing,Market
,Name of the company,Equity,Value,up value,Quantity,Amount Rs.,ansactions,,,,Cap.
,,,,(in million),( in '000),( in million),,,,,(in million)
1,Nepal Development Bank Limited,1440000,100,144,1.72,0.19,96,116,108,111,159.84
2,Development Credit Bank Ltd,1600000,100,160,2.45,0.39,100,162,155,155,248
3,Nirdhan Utthan Bank Ltd,100000,100,10,0.05,0,5,94,94,94,9.4
,,3140000,,314,4.22,0.58,201,,,,417.24
,,,,,,,,,,,
,Insurance Group,,,,,,,,,,
,,,,,,,,,,,
,Name of the company,Outstanding,Paid up,Total Paid,Traded,Traded,No.of trans,High,Low,Closing,Market
,,Equity,Value,up value,Share,  Amount Rs.,actions,,,,Cap.
,,,,(in million),( in '000),( in million),,,,,(in million)
1,Rastriya Beema sasthan,574783,100,57.48,0.56,0.7,31,1250,1250,1250,718.48
2,National Life & Gen. Ins Co. Ltd,300000,100,30,0.05,0.02,4,375,375,375,112.5
3,Himalayan Gen. Insurance Co. Ltd,300000,100,30,0.12,0.02,3,180,180,180,54
4,United Insurance Co. Ltd,600000,100,60,1.02,0.12,7,115,113,115,69
5,Premier Insurance Co. (Nepal ) Ltd.,300000,100,30,0.04,0.01,4,200,200,200,60
6,Neco Insurance Ltd,500000,100,50,0.04,0,2,112,112,112,56
7,Alliance Insurance Co. Ltd.,500000,100,50,1.5,0.17,2,113,113,113,56.5
8,Sagarmatha Ins. Company Ltd.,510000,100,51,0.02,0,2,140,140,140,71.4
9,Nepal Life Insurance Co. Ltd,2500000,100,250,18.04,2.21,769,131,112,131,327.5
10,Life Insurance Corp. Nepal Ltd,2500000,100,250,2.7,0.35,111,137,123,134,335
,,8584783,,858.48,24.09,3.6,935,,,,1860.38
,Finance Group,,,,,,,,,,
,Name of the company,    Outstanding,Paid up,Total Paid,Traded,Traded,No.of trans,High,Low,Closing,Market
,,Equity,Value,up value,Share, Amount Rs.,actions,,,,Cap.
,,,,(in million),( in '000),( in million),,,,,(in million)
1,Nepal Finance & Saving Co. Ltd,200000,100,20,0.06,0.01,6,165,165,165,33
2,NIDC Capital Markets,600000,100,60,1.98,0.21,16,107,101,107,64.2
3,National Finance Co. Ltd,300000,100,30,1.46,0.58,22,400,392,392,117.6
4,Nepal Share Markets & Finance Lt,1200000,100,120,0.1,0.01,5,105,105,105,126
5,Annupurna Finance Co. Ltd,200000,100,20,6,2.58,1,430,430,430,86
6,Kathmandu Finance Ltd,200000,100,20,0.05,0.01,1,200,200,200,40
7,People Finance Ltd,200000,100,20,2.06,0.23,47,118,108,118,23.6
8,Union Finance Ltd,600000,100,60,3.03,0.37,47,124,121,124,74.4
9,Citizen Investment Trust,400000,88,35.2,0.02,0,2,168,160,168,67.2
10,Nepal Aawas Bikas Beeta CO.Ltd,363675,50,18.18,0.72,0.11,16,153,150,152,55.28
11,Narayani Finance Ltd,125455,100,12.55,0.16,0.04,2,220,215,220,27.6
12,Ace Finance Co. Ltd,900000,100,90,2.14,0.39,11,180,180,180,162
13,Yeti Finance Co. Ltd,200000,100,20,0.2,0.04,1,200,200,200,40
14,Gorkha Finance Co. Ltd,250000,100,25,5.54,0.71,232,131,124,124,31
15,Samjhana Finance Co. Ltd,225000,100,22.5,32.71,4.09,6,125,120,125,28.13
16,Universal Finance Ltd,375000,84,31.5,1.89,0.25,7,132,128,130,48.75
17,Nepal Housing & Merchant Fin. Ltd,450000,100,45,0.18,0.04,4,240,240,240,108
18,General Fiance Ltd,200000,100,20,0.02,0,2,175,170,170,34
19,Mahalaxmi Finance Ltd,495320,100,49.53,0.52,0.14,5,265,257,265,131.26
20,Lalitpur Finance Co. Ltd,225000,100,22.5,0.13,0.03,7,230,230,230,51.75
21,Goodwin Finance Co. Ltd,337500,95,32.06,0.01,0,1,190,190,190,64.13
22,Panchimanchal Finance Co. Ltd,400000,100,40,0.16,0.04,4,220,220,220,88
23,Lumbini Fin. & Leasing Com. Ltd.,600000,60,36,1.02,0.11,15,105,105,105,63
24,Nepal Merchant Bank & Fin. Ltd.,2000000,50,100,2.51,0.4,41,167,149,167,334
25,Siddhartha Finance Ltd,200000,100,20,1.29,0.17,12,137,135,137,27.4
26,Alpic Everest Finance Ltd,200000,100,20,0.04,0.01,1,146,146,146,29.2
27,Nepal Bangladesh Fin. Leasing Co.,300000,100,30,0.21,0.02,7,103,103,103,30.9
28,United Finance Limited,600000,100,60,2.66,0.27,24,105,103,104,62.4
29,International Leas & Finance Co. L,1200000,100,120,42.66,5.14,2401,124,119,121,145.2
29,Shree Investment & Finance Co. Lt,400000,100,40,5.51,0.86,254,160,150,156,62.4
30,Central Finance Co. Ltd,200000,100,20,0.01,0,1,118,118,118,23.6
31,Nepal Shreelanka Mer. Bank Ltd,1000000,100,100,0.7,0.06,59,93,76,93,93
32,Premier Finance Co. Ltd,200000,100,20,4.59,0.57,300,125,124,125,25
33,Butwal Finance Ltd,500000,100,50,13.87,1.63,945,121,113,120,60
34,Janaki Finance Co. Ltd,200000,100,20,13.85,2.19,760,171,145,163,32.6
,,16046950,,1450.02,148.06,21.31,5265,,,,2490.59
,Manufacturing & Processing,,,,,,,,,,
,Name of the company,    Outstanding,Paid up,Total Paid,Traded,Traded,No.of trans,High,Low,Closing,Market
,,Equity,Value,up value,Share,Amount Rs.,actions,,,,Cap.
,,,,(in million),( in '000),( in million),,,,,(in million)
1,Gorkhakali Rubber Udyog Ltd,3833400,75,287.51,0.07,0,2,23,22,23,88.17
2,Bottlers Nepal ( Terai ),1210000,100,121,0.02,0.01,1,480,480,480,580.8
3,Nepal Lever Ltd,920700,100,92.07,1.67,2.2,2,1320,1320,1320,1215.32
,,5964100,,500.58,1.76,2.21,5,,,,1884.29
,,,,,,,,,,,
,Hotel,,,,,,,,,,
,Name of the company,    Outstanding,Paid up,Total Paid,Traded,Traded,No.of trans,High,Low,Closing,Market
,,Equity,Value,up value,Share,Amount Rs.,actions,,,,Cap.
,,,,(in million),( in '000),( in million),,,,,(in million)
1,Soaltee Hotels Ltd,8697187,10,86.97,2.19,0.15,3,71,68,68,591.41
2,Taragaon Regency Hotel Ltd.,7449875,100,744.99,0.31,0.01,8,34,34,34,253.3
3,Oriental Hotels Limited,5000000,100,500,1.21,0.05,16,40,38,39,195
,,21147062,,1331.96,3.71,0.21,27,,,,1039.7
,Trading,,,,,,,,,,
,,    Outstanding,Paid up,Total Paid,Traded,Traded,No.of trans,High,Low,Closing,Market
,Name of the company,Equity,Value,up value,Share,Amount Rs.,actions,,,,Cap.
,,,,(in million),( in '000),( in million),,,,,(in million)
1,Salt Trading Corporation,247777,100,24.78,0.11,0.03,2,300,300,300,74.33
,,247777,,25,0.11,0.03,2,,,,74.33
        Other,,,,,,,,,,,
,,    Outstanding,Paid up,Total Paid,Traded,Traded,No.of trans,High,Low,Closing,Market
,Name of the company,Equity,Value,up value, share,Amount Rs.,actions,,,,Capitali-
,,,,(in million),( in '000),( in million),,,,,
1,Necon Air Ltd,1792000,100,179.2,0.6,0.01,2,20,20,20,35.84
,,1792000,,179.2,0.6,0.01,2,,,,35.84
,,,,,,,,,,,
Nepal Stock Exchange Limited,,,,,,,,,,,
Company wise Transactions,,,,,,,,,,,
,13th February to 12th March 2004,,,,,,,,,,
,Commercial Banks,,,"Falgun, 2060",,,,,,,
,,,,,Traded,,,,,,
,Name of the company,Outstanding,Paid up,Total Paid,Share,Traded,No.of tran-,High,Low,Closing,Market
,,Equity,Value,,Quantity,Amount Rs.,sactions,,,,Cap.
,,,,(in million),( in '000),( in million),,,,,(in million)
1,Nabil Bank Limited,4909950,100,491,6.72,5.08,48,771,750,757,3716.83
2,Nepal Investment Bank Ltd.,2366451,100,236.65,1.36,1.04,33,793,765,770,1822.17
3,Standard Chartered Bank Nepal,3395488,100,339.55,1.42,2.29,47,1630,1610,1610,5466.74
4,Himalayan Bank Limited,4290000,100,429,5.25,5.21,149,1000,985,988,4238.52
5,Nepal SBI Bank Limited,4316544,100,431.65,5.13,1.29,59,260,245,245,1057.55
6,Nepal Bangladesh Bank Limited,3600000,100,360,13.16,5.8,159,475,400,402,1447.2
7,Everest Bank Limited,2632110,100,263.21,14.28,7.2,204,522,482,498,1310.79
8,Bank of Kathmandu Limited,4635809,100,463.58,17.36,3.45,132,202,195,202,936.43
9,Nepal Ind. & Commercial Bank Ltd.,5000000,100,500,4.31,0.7,40,165,160,162,810
10,Macha Puchchhre Bank Ltd,5500000,100,550,3.91,0.39,38,101,99,99,544.5
11,Everest Bank Limited (Pre),,,,0.1,0.01,1,102,102,102,
,,40646352,,4064.64,73,32.46,910,,,,21350.73
,,,,,,,,,,,
,Development Banking,,,,,,,,,,
,,Outstanding,Paid up,Total Paid,Share,Traded,No.of tr-,High,Low,Closing,Market
,Name of the company,Equity,Value,up value,Quantity,Amount Rs.,ansactions,,,,Cap.
,,,,(in million),( in '000),( in million),,,,,(in million)
1,Nepal Development Bank Limited,1440000,100,144,1.58,0.18,44,118,111,118,169.92
2,Development Credit Bank Ltd,1600000,100,160,2.42,0.38,78,160,155,160,256
3,Nirdhan Utthan Bank Ltd,100000,100,10,0.12,0.01,4,94,94,94,9.4
,,3140000,,314,4.12,0.57,126,,,,435.32
,,,,,,,,,,,
,Insurance Group,,,,,,,,,,
,,,,,,,,,,,
,Name of the company,Outstanding,Paid up,Total Paid,Traded,Traded,No.of trans,High,Low,Closing,Market
,,Equity,Value,up value,Share,  Amount Rs.,actions,,,,Cap.
,,,,(in million),( in '000),( in million),,,,,(in million)
1,Nepal Insurance Co. Ltd.,789987,100,79,1.3,0.48,7,380,370,370,292.3
2,Rastriya Beema sasthan,574783,100,57.48,0.15,0.18,8,1250,1250,1250,718.48
3,United Insurance Co. Ltd,600000,100,60,0.02,0,2,115,115,115,69
4,Premier Insurance Co. (Nepal ) Ltd.,300000,100,30,0.15,0.03,5,200,200,200,60
5,Neco Insurance Ltd,500000,100,50,0.09,0.01,9,114,114,114,57
6,Alliance Insurance Co. Ltd.,500000,100,50,0.69,0.08,6,115,115,115,57.5
7,Nepal Life Insurance Co. Ltd,2500000,100,250,14.04,1.83,302,137,128,130,325
8,Life Insurance Corp. Nepal Ltd,2500000,100,250,4.32,0.54,126,134,120,120,300
,,8264770,,826.48,20.76,3.15,465,,,,1879.27
,Finance Group,,,,,,,,,,
,Name of the company,    Outstanding,Paid up,Total Paid,Traded,Traded,No.of trans,High,Low,Closing,Market
,,Equity,Value,up value,Share, Amount Rs.,actions,,,,Cap.
,,,,(in million),( in '000),( in million),,,,,(in million)
1,NIDC Capital Markets,600000,100,60,1.46,0.16,6,107,106,107,64.2
2,Nepal Share Markets & Finance Lt,1200000,100,120,0.08,0.01,7,105,105,105,126
3,Annupurna Finance Co. Ltd,200000,100,20,4.05,1.68,6,430,415,425,85
4,Kathmandu Finance Ltd,200000,100,20,0.47,0.09,24,201,200,201,40.2
5,Peoples Finance Ltd,200000,100,20,0.13,0.01,7,113,110,110,22
6,Union Finance Ltd,600000,100,60,3.12,0.39,36,126,124,125,75
7,Nepal Aawas Bikas Beeta Co. Ltd.,363675,100,36.37,1.51,0.23,8,157,155,155,56.37
8,HISEF Finance Limited,600000,100,60,0.03,0,3,111,111,111,66.6
9,Narayani Finance Ltd,251224,100,25.12,0.72,0.11,6,220,215,215,54.01
10,Ace Finance Co. Ltd,900000,100,90,0.5,0.09,10,181,175,175,157.5
11,Yeti Finance Co. Ltd,200000,100,20,0.1,0.02,1,201,201,201,40.2
12,Gorkha Finance Co. Ltd,250000,100,25,3.73,0.48,136,130,126,130,32.5
13,Samjhana Finance Co. Ltd,225000,100,22.5,0.13,0.02,13,125,125,125,28.13
14,Universal Finance Ltd,375000,100,37.5,1.01,0.13,15,130,130,130,48.75
15,Nepal Housing & Merchant Fin. Ltd,450000,100,45,0.11,0.03,8,240,240,240,108
16,General Fiance Ltd,200000,100,20,0.52,0.08,48,162,150,150,30
17,Mahalaxmi Finance Ltd,495320,100,49.53,0.22,0.06,3,260,260,260,128.78
18,Lalitpur Finance Co. Ltd,225000,100,22.5,0.57,0.14,47,246,235,245,55.13
19,Goodwill Finance Co. Ltd,337500,100,33.75,9.77,1.95,33,200,190,200,67.5
20,Lumbini Fin. & Leasing Com. Ltd.,600000,85,51,2.21,0.23,32,105,105,105,63
21,Nepal Merchant Bank & Fin. Ltd.,2000000,50,100,1.17,0.19,43,167,164,164,328
22,Siddhartha Finance Ltd,200000,100,20,0.62,0.09,12,145,137,140,28
23,Alpic Everest Finance Ltd,200000,100,20,0.17,0.03,16,161,146,161,32.2
24,Nepal Bangladesh Fin. Leasing Co.,200000,100,20,0.08,0.01,3,102,100,102,20.4
25,United Finance Limited,600000,100,60,0.77,0.08,33,106,104,105,63
26,International Leas & Finance Co. L,120000,100,12,4.87,0.55,176,115,112,113,13.56
27,Shree Investment & Finance Co. Lt,400000,100,40,11.35,1.75,233,158,150,150,60
28,Nepal Shreelanka Mer. Bank Ltd,1000000,100,100,0.74,0.06,32,89,72,72,72
29,Premier Finance Co. Ltd,200000,100,20,2.13,0.26,168,126,114,114,22.8
30,Nawa Durga Finance Ltd.,200000,100,20,0.46,0.06,22,120,118,119,23.8
31,Butwal Finance Ltd,500000,100,50,34.18,3.99,2040,119,114,119,59.5
32,Janaki Finance Co. Ltd,200000,100,20,5.03,0.84,248,171,161,171,34.2
,,14292719,,1320.27,92.01,13.82,3475,,,,2106.33
,,,,,,,,,,,
,Manufacturing & Processing,,,,,,,,,,
,Name of the company,    Outstanding,Paid up,Total Paid,Traded,Traded,No.of trans,High,Low,Closing,Market
,,Equity,Value,up value,Share,Amount Rs.,actions,,,,Cap.
,,,,(in million),( in '000),( in million),,,,,(in million)
1,Gorakhkali Rubber udyog limited,3833400,75,287.51,0.02,0,2,25,24,25,95.84
2,Bottlers Nepal ( Terai ),3833400,100,383.34,0.03,0.01,1,456,456,456,1748.03
3,Nepal Lever Ltd,1210000,100,121,0.03,0.04,11,1300,1300,1300,1573
4,Shree Bhrikuti Paper ( Nepal ) Ltd.,3500000,100,350,0.15,0.01,6,60,60,60,210
,,,,,,,,,,,
,,12376800,,1141.85,0.23,0.06,20,,,,3626.87
,,,,,,,,,,,
,Hotel,,,,,,,,,,
,Name of the company,    Outstanding,Paid up,Total Paid,Traded,Traded,No.of trans,High,Low,Closing,Market
,,Equity,Value,up value,Share,Amount Rs.,actions,,,,Cap.
,,,,(in million),( in '000),( in million),,,,,(in million)
1,Taragaon Regency Hotel Ltd.,7449875,100,744.99,0.41,0.01,15,33,32,33,245.85
2,Oriental Hotels Limited,5000000,100,500,1.97,0.08,36,42,38,41,205
3,Taragaon Regency Hotel Ltd. (Pre.),,100,0,0.03,0,2,40,38,38,
,,12449875,,1244.99,2.41,0.09,53,,,,450.85
,,,,,,,,,,,
,Trading,    Outstanding,Paid up,Total Paid,Traded,Traded,No.of trans,High,Low,Closing,Market
,,Equity,Value,up value,Share,Amount Rs.,actions,,,,Cap.
,,,,(in million),( in '000),( in million),,,,,(in million)
1,Bishal Bazar Co. Ltd.,273000,100,27.3,0.01,0.01,1,1400,1400,1400,382.2
,,273000,,27,0.01,0.01,1,,,,382.2
      ,,,,,,,,,,,
,Name of the company,    Outstanding,Paid up,Total Paid,Traded,Traded,No.of trans,High,Low,Closing,Market
,,Equity,Value,up value, share,Amount Rs.,actions,,,,Capitali-
,,,,(in million),( in '000),( in million),,,,,
1,Necon Air Ltd,1792000,100,179.2,0.25,0.01,8,22,21,22,39.42
,,1792000,,179.2,0.25,0.01,8,,,,39.42
,,,,,,,,,,,
Nepal Stock Exchange Limited,,,,,,,,,,,
Company wise Transactions,,,,,,,,,,,
,14th March to 12th April 2004,,,,,,,,,,
,Commercial Banks,,,"Chaitra, 2060",,,,,,,
,,,,,Traded,,,,,,
,Name of the company,Outstanding,Paid up,Total Paid,Share,Traded,No.of tran-,High,Low,Closing,Market
,,Equity,Value,,Quantity,Amount Rs.,sactions,,,,Cap.
,,,,(in million),( in '000),( in million),,,,,(in million)
1,Nabil Bank Limited,4909950,100,491,5.31,4.26,83,810,760,800,3927.96
2,Nepal Investment Bank Ltd.,2366451,100,236.65,3.88,2.92,44,785,745,785,1857.66
3,Standard Chartered Bank Nepal,3395488,100,339.55,4.99,7.97,105,1625,1585,1600,5432.78
4,Himalayan Bank Limited,4290000,100,429,26.72,20.39,7,764,600,764,3277.56
5,Nepal SBI Bank Limited,4316544,100,431.65,1.97,0.48,27,251,240,251,1083.45
6,Nepal Bangladesh Bank Limited,3600000,100,360,19.24,7.43,206,406,298,365,1314
7,Everest Bank Limited,2632110,100,263.21,6.44,3.2,126,510,475,505,1329.22
8,Bank of Kathmandu Limited,4635809,100,463.58,16.59,3.32,106,204,198,204,945.71
9,Nepal Ind. & Commercial Bank Ltd.,5000000,100,500,10.55,1.73,86,167,162,165,825
10,Macha Puchchhre Bank Ltd,5500000,100,550,12.15,1.21,73,100,98,100,550
11,Everest Bank Limited (Pre),,,,0.6,0.06,4,104,102,102,
,,40646352,,4064.64,108.44,52.97,867,,,,20543.34
,Development Banking,,,,,,,,,,
,,Outstanding,Paid up,Total Paid,Share,Traded,No.of tr-,High,Low,Closing,Market
,Name of the company,Equity,Value,up value,Quantity,Amount Rs.,ansactions,,,,Cap.
,,,,(in million),( in '000),( in million),,,,,(in million)
1,Nepal Indestrail Development Cor.,2978784,100,297.88,0.01,0,1,120,120,118,351.5
2,Nepal Development Bank Limited,1440000,100,144,0.88,0.1,60,122,105,108,155.52
3,Development Credit Bank Ltd,1600000,100,160,2.66,0.42,115,162,155,162,259.2
4,Nirdhan Utthan Bank Ltd,100000,100,10,0.02,0,2,90,90,90,9
,,6118784,,611.88,3.57,0.52,178,,,,775.22
,Insurance Group,,,,,,,,,,
,Name of the company,Outstanding,Paid up,Total Paid,Traded,Traded,No.of trans,High,Low,Closing,Market
,,Equity,Value,up value,Share,  Amount Rs.,actions,,,,Cap.
,,,,(in million),( in '000),( in million),,,,,(in million)
1,Nepal Insurance Co. Ltd.,789987,100,79,2.89,1.04,8,370,360,370,292.3
2,Rastriya Beema sasthan,574783,100,57.48,0.1,0.13,5,1320,1260,1320,758.71
3,National Life & Gen. Insurance,300000,100,30,0.06,0.02,4,369,369,369,110.7
4,Himalayan Ge. Insurance Co.,300000,100,30,0.03,0.01,1,171,171,171,51.3
5,United Insurance Co. Ltd,600000,100,60,1.05,0.12,13,110,110,110,66
6,Premier Insurance Co. (Nepal ) Ltd.,300000,100,30,0.27,0.05,23,200,200,200,60
7,Alliance Insurance Co. Ltd.,500000,100,50,0.09,0.01,9,120,118,120,60
8,Sagarmatha Insurance Company L,510000,100,51,0.19,0.03,14,140,133,133,67.83
9,NB Insurance Co. Limited,800000,100,80,0.1,0.01,2,150,143,143,114.4
10,Nepal Life Insurance Co. Ltd,2500000,100,250,7.45,0.98,393,135,130,135,337.5
11,Life Insurance Corp. Nepal Ltd,2500000,100,250,7.1,0.88,332,125,123,123,307.5
,,9674770,,967.48,19.33,3.28,804,,,,2226.24
,Finance Group,,,,,,,,,,
,Name of the company,    Outstanding,Paid up,Total Paid,Traded,Traded,No.of trans,High,Low,Closing,Market
,,Equity,Value,up value,Share, Amount Rs.,actions,,,,Cap.
,,,,(in million),( in '000),( in million),,,,,(in million)
1,NIDC Capital Markets,600000,100,60,0.16,0.02,3,107,107,107,64.2
2,National Finance Co. Ltd.,360000,100,36,1.05,0.41,1,390,390,390,140.4
3,Kathmandu Finance Ltd,200000,100,20,0.65,0.13,4,204,200,203,40.6
4,Peoples Finance Ltd,200000,100,20,0.01,0,1,110,110,110,22
5,Union Finance Ltd,600000,100,60,0.3,0.04,14,125,120,120,72
6,Citizen Investment Trust,400000,100,40,0.03,0.01,3,171,163,163,65.2
7,Nepal Aawas Bikas Beeta Co. Ltd.,363675,100,36.37,1.19,0.19,13,160,154,156,56.73
8,Narayani Finance Ltd,251224,100,25.12,2.17,0.47,8,220,210,210,52.76
9,Gorkha Finance Co. Ltd,250000,100,25,8.93,1.17,180,131,130,131,32.75
10,Samjhana Finance Co. Ltd,225000,100,22.5,0.13,0.02,13,125,125,125,28.13
11,Universal Finance Ltd,375000,100,37.5,0.11,0.01,7,133,131,133,49.88
12,Nepal Housing & Merchant Fin. Ltd,450000,100,45,0.04,0.01,4,240,240,240,108
13,General Fiance Ltd,200000,100,20,0.15,0.02,14,150,150,150,30
14,Mahalaxmi Finance Ltd,495320,100,49.53,1.51,0.4,18,260,250,250,123.83
15,Lalitpur Finance Co. Ltd,225000,100,22.5,0.13,0.03,9,240,240,240,54
16,Paschimanchal Finance Co. Ltd.,400000,100,40,0.08,0.02,1,220,220,200,80
17,Lumbini Fin. & Leasing Com. Ltd.,600000,85,51,4.07,0.43,38,105,105,105,63
18,Nepal Merchant Bank & Fin. Ltd.,2000000,50,100,2.78,0.46,63,167,164,167,334
19,Siddhartha Finance Ltd,200000,100,20,0.81,0.11,10,130,125,125,25
20,Alpic Everest Finance Ltd,200000,100,20,0.52,0.09,25,175,140,140,28
21,United Finance Limited,600000,100,60,1.7,0.18,77,107,102,102,61.2
22,International Leas & Finance Co. L,120000,100,12,4.42,0.49,180,118,109,110,13.2
23,Shree Investment & Finance Co. Lt,400000,100,40,3.67,0.57,104,157,156,157,62.8
24,Central Finance Co. Ltd.,200000,100,20,0.38,0.05,6,123,120,123,24.6
25,Nepal Shreelanka Mer. Bank Ltd,1000000,100,100,1.83,0.16,99,105,72,98,98
26,Premier Finance Co. Ltd,200000,100,20,4.66,0.51,361,114,109,110,22
27,Nawa Durga Finance Ltd.,200000,100,20,1.41,0.17,13,120,119,120,24
28,Butwal Finance Ltd,500000,100,50,70.13,8.47,4933,127,117,127,63.5
29,Janaki Finance Co. Ltd,200000,100,20,20.09,3.43,1175,172,170,170,34
30,Standard Finance Limited,600000,100,60,4.05,0.43,141,122,102,102,61.2
31,Om Finance Limited,200000,100,20,61.64,8.39,3962,144,130,130,26
,,12815219,,1172.52,198.8,26.89,11480,,,,1960.97
,Manufacturing & Processing,,,,,,,,,,
,Name of the company,    Outstanding,Paid up,Total Paid,Traded,Traded,No.of trans,High,Low,Closing,Market
,,Equity,Value,up value,Share,Amount Rs.,actions,,,,Cap.
,,,,(in million),( in '000),( in million),,,,,(in million)
1,Arun Vanaspati Udyog Ltd.,550343,100,55.03,0.09,0.01,9,60,58,58,31.92
2,Nepal Lever Ltd,1210000,100,121,0.06,0.08,2,1300,1300,1300,1573
3,Shree Bhrikuti Paper ( Nepal ) Ltd.,3500000,100,350,0.01,0,1,60,60,60,210
,,5260343,,526.03,0.16,0.09,12,,,,1814.92
,Hotel,,,,,,,,,,
,Name of the company,    Outstanding,Paid up,Total Paid,Traded,Traded,No.of trans,High,Low,Closing,Market
,,Equity,Value,up value,Share,Amount Rs.,actions,,,,Cap.
,,,,(in million),( in '000),( in million),,,,,(in million)
1,Soaltee Hotel Ltd.,8697187,10,86.97,0.53,0.04,1,68,68,68,591.41
2,Taragaon Regency Hotel Ltd.,7449875,100,744.99,3.04,0.1,13,34,33,33,245.85
3,Oriental Hotels Limited,5000000,100,500,7.01,0.29,49,42,38,38,190
4,Taragaon Regency Hotel Ltd. (Pre.),,100,0,0.01,0,1,38,38,38,
,,21147062,,1332,11,0.43,64,,,,1027
,Trading,,,,,,,,,,
,Name of the company,    Outstanding,Paid up,Total Paid,Traded,Traded,No.of trans,High,Low,Closing,Market
,,Equity,Value,up value,Share,Amount Rs.,actions,,,,Cap.
,,,,(in million),( in '000),( in million),,,,,(in million)
1,Bishal Bazar Co. Ltd.,273000,100,27.3,0.98,1.38,6,1425,1400,1400,382.2
,,273000,,27,0.98,1.38,6,,,,382.2
,Other,,,,,,,,,,
,Name of the company,    Outstanding,Paid up,Total Paid,Traded,Traded,No.of trans,High,Low,Closing,Market
,,Equity,Value,up value, share,Amount Rs.,actions,,,,Capitali-
,,,,(in million),( in '000),( in million),,,,,
1,Necon Air Ltd,1792000,100,179.2,1.49,0.03,5,22,21,22,39.42
2,Nepal Film Dev. Co. Ltd.,446623,100,44.66,0.4,0.02,1,48,48,48,21.44
,,1792000,,179.2,1.49,0.03,5,,,,39.42
,,,,,,,,,,,
Nepal Stock Exchange Limited,,,,,,,,,,,
Company wise Transactions,,,,,,,,,,,
,,14th April 2004 to 13 th May 2004,,,,,,,,,
,Commercial Banks,"Baishakh, 2061",,,,,,,,,
,,,,,Traded,,,,,,
,Name of the company,Outstanding,Paid up,Total Paid,Share,Traded,No.of tran-,High,Low,Closing,Market
,,Equity,Value,,Quantity,Amount Rs.,sactions,,,,Cap.
,,,,(in million),( in '000),( in million),,,,,(in million)
1,Nabil Bank Limited,4909950,100,491,9.81,7.61,77,820,750,820,4026.16
2,Nepal Investment Bank Ltd.,2366451,100,236.65,11.15,9.03,87,842,785,830,1964.15
3,Standard Chartered Bank Nepal,3395488,100,339.55,5.08,8.18,76,1640,1600,1640,5568.6
4,Himalayan Bank Limited,4290000,100,429,5.86,4.73,107,810,775,805,3453.45
5,Nepal SBI Bank Limited,4316544,100,431.65,16.55,4.43,75,287,255,285,1230.22
6,Nepal Bangladesh Bank Limited,3600000,100,360,408.7,147.65,150,399,358,361,1299.6
7,Everest Bank Limited,2632110,100,263.21,14.09,7.34,193,545,505,516,1358.17
8,Bank of Kathmandu Limited,4635809,100,463.58,47.04,10.29,209,232,205,218,1010.61
9,Nepal Ind. & Commercial Bank Ltd.,5000000,100,500,12.78,2.12,101,170,165,170,850
10,Macha Puchchhre Bank Ltd,5500000,100,550,13.35,1.33,96,100,98,98,539
11,Laxmi Bank Limited,5500000,100,550,34.3,3.66,667,111,102,111,610.5
12,Everest Bank Limited (Pre),,,,0.1,0.01,1,104,104,104,
,,46146352,,4614.64,578.81,206.38,1839,,,,21910.45
,Development Banking,,,,,,,,,,
,,Outstanding,Paid up,Total Paid,Share,Traded,No.of tr-,High,Low,Closing,Market
,Name of the company,Equity,Value,up value,Quantity,Amount Rs.,ansactions,,,,Cap.
,,,,(in million),( in '000),( in million),,,,,(in million)
1,Nepal Development Bank Limited,1440000,100,144,2.25,0.25,98,113,108,108,155.52
2,Development Credit Bank Ltd,1600000,100,160,157.6,24.77,105,162,157,160,256
3,Nirdhan Utthan Bank Ltd,100000,100,10,0.03,0,3,90,86,86,8.6
,,3140000,,314,159.88,25.02,206,,,,420.12
,Insurance Group,,,,,,,,,,
,Name of the company,Outstanding,Paid up,Total Paid,Traded,Traded,No.of trans,High,Low,Closing,Market
,,Equity,Value,up value,Share,  Amount Rs.,actions,,,,Cap.
,,,,(in million),( in '000),( in million),,,,,(in million)
1,Nepal Insurance Co. Ltd.,789987,100,79,0.06,0.02,2,375,375,375,296.25
2,Rastriya Beema sasthan,574783,100,57.48,0.57,0.77,22,1350,1340,1350,775.96
3,National Life & Gen. Insurance,300000,100,30,0.25,0.09,3,380,365,380,114
4,Himalayan Ge. Insurance Co.,300000,100,30,0.89,0.15,13,166,165,166,49.8
5,United Insurance Co. Ltd,600000,100,60,0.05,0.01,2,110,100,110,66
6,Premier Insurance Co. (Nepal ) Ltd.,300000,100,30,0.08,0.02,8,201,200,200,60
7,Neco Insurance Com. Ltd.,500000,100,50,0.27,0.03,8,114,110,110,55
8,Alliance Insurance Co. Ltd.,500000,100,50,0.75,0.08,6,110,105,105,52.5
9,Sagarmatha Insurance Company L,510000,100,51,0.05,0.01,2,133,133,133,67.83
10,NB Insurance Co. Limited,800000,100,80,1.59,0.22,4,136,136,136,108.8
11,Nepal Life Insurance Co. Ltd,2500000,100,250,10.33,1.42,509,145,135,143,357.5
12,Life Insurance Corp. Nepal Ltd,2500000,100,250,6.02,0.78,175,131,127,130,325
,,10174770,,1017.48,20.91,3.6,754,,,,2328.63
,Finance Group,,,,,,,,,,
,Name of the company,    Outstanding,Paid up,Total Paid,Traded,Traded,No.of trans,High,Low,Closing,Market
,,Equity,Value,up value,Share, Amount Rs.,actions,,,,Cap.
,,,,(in million),( in '000),( in million),,,,,(in million)
1,NIDC Capital Markets,600000,100,60,0.26,0.03,3,111,107,107,64.2
2,Nepal Share Markets & Fin. Ltd.,1200000,100,120,0.08,0.01,3,105,103,103,123.6
3,Annunapurna Finance Limited,200000,100,20,0.04,0.02,1,425,425,425,85
4,Kathmandu Finance Ltd,200000,100,20,0.14,0.03,14,203,200,203,40.6
5,Peoples Finance Ltd,200000,100,20,0.02,0,2,100,110,110,22
6,Union Finance Ltd,600000,100,60,0.34,0.04,21,122,120,122,73.2
7,Citizen Investment Trust,400000,100,40,0.1,0.02,4,165,163,165,66
8,Nepal Aawas Bikas Beeta Co. Ltd.,363675,100,36.37,0.97,0.16,12,160,160,160,58.19
9,Narayani Finance Ltd,251224,100,25.12,1.99,0.43,9,220,210,220,55.27
10,Ace Finance Co. Ltd,900000,100,90,0.03,0.01,2,175,170,170,153
11,Yeti Finance Co. Ltd,200000,100,20,0.02,0,1,201,201,201,40.2
12,Gorkha Finance Co. Ltd,250000,100,25,0.78,0.08,9,115,105,105,26.25
13,Samjhana Finance Co. Ltd,225000,100,22.5,0.2,0.02,4,120,120,120,27
14,Universal Finance Ltd,375000,100,37.5,0.36,0.05,5,135,130,130,48.75
15,Nepal Housing & Merchant Fin. Ltd,450000,100,45,1.8,0.41,5,228,228,228,102.6
16,Mahalaxmi Finance Ltd,495320,100,49.53,0.32,0.08,6,265,251,265,131.26
17,Lalitpur Finance Co. Ltd,225000,100,22.5,0.97,0.23,16,242,235,235,52.88
18,Pokhara Finance Ltd,200000,100,20,0.04,0.01,2,285,285,285,57
19,Lumbini Fin. & Leasing Com. Ltd.,600000,85,51,11.25,1.18,16,105,100,105,63
20,Nepal Merchant Bank & Fin. Ltd.,2000000,50,100,3.08,0.51,41,168,165,166,332
21,Siddhartha Finance Ltd,200000,100,20,1.8,0.23,7,130,130,130,26
22,Alpic Everest Finance Ltd,200000,100,20,0.32,0.05,17,146,140,146,29.2
23,United Finance Limited,600000,100,60,9.14,0.96,489,106,102,105,63
24,International Leas & Finance Co. L,120000,100,12,10.87,1.21,627,115,109,115,13.8
25,Shree Investment & Finance Co. Lt,400000,100,40,2.71,0.43,109,160,157,160,64
26,Central Finance Co. Ltd.,200000,100,20,0.21,0.03,9,124,124,124,24.8
27,Nepal Shreelanka Mer. Bank Ltd,1000000,100,100,0.62,0.06,37,94,84,84,84
28,Premier Finance Co. Ltd,200000,100,20,6.14,0.66,423,110,106,108,21.6
29,Nawa Durga Finance Ltd.,200000,100,20,1.08,0.13,31,120,120,120,24
30,Butwal Finance Ltd,500000,100,50,1.48,0.17,45,115,114,114,57
31,Janaki Finance Co. Ltd,200000,100,20,16.25,2.8,1117,175,170,171,34.2
32,Standard Finance Limited,600000,100,60,53.22,5.43,1775,102,101,102,61.2
33,Om Finance Limited,200000,100,20,0.22,0.03,19,145,136,145,29
,,14555219,,1346.52,126.85,15.51,4881,,,,2153.79
,Manufacturing & Processing,,,,,,,,,,
,Name of the company,    Outstanding,Paid up,Total Paid,Traded,Traded,No.of trans,High,Low,Closing,Market
,,Equity,Value,up value,Share,Amount Rs.,actions,,,,Cap.
,,,,(in million),( in '000),( in million),,,,,(in million)
1,Bottlers Nepal Ltd. (Balaju),1948887,100,194.89,1914,1025.6,29,536,300,536,1044.6
2,Gorakhali Rubber Udyog Ltd.,3833400,75,287.51,0.01,0,1,26,26,26,99.67
3,Harisiddhi Bricks & Title Fact. Ltd.,18650000,10,186.5,52.96,0.08,2,1.5,1.5,1.5,27.98
4,Nepal Lever Ltd,1210000,100,121,0.16,0.21,31,1300,1300,1300,1573
5,Shree Bhrikuti Paper ( Nepal ) Ltd.,3500000,100,350,0.1,0.01,10,60,60,60,210
,,29142287,,1139.89,1967.23,1025.9,73,,,,2955.25
,Hotel,,,,,,,,,,
,Name of the company,    Outstanding,Paid up,Total Paid,Traded,Traded,No.of trans,High,Low,Closing,Market
,,Equity,Value,up value,Share,Amount Rs.,actions,,,,Cap.
,,,,(in million),( in '000),( in million),,,,,(in million)
1,Soaltee Hotel Ltd.,8697187,10,86.97,0.53,0.04,4,66,66,66,574.01
2,Taragaon Regency Hotel Ltd.,7449875,100,744.99,1.87,0.06,6,33,33,33,245.85
3,Oriental Hotels Limited,5000000,100,500,2.16,0.09,29,40,38,38,190
,,21147062,,1332,4.56,0.19,39,,,,1009.86
,Trading,,,,,,,,,,
,Name of the company,    Outstanding,Paid up,Total Paid,Traded,Traded,No.of trans,High,Low,Closing,Market
,,Equity,Value,up value,Share,Amount Rs.,actions,,,,Cap.
,,,,(in million),( in '000),( in million),,,,,(in million)
1,Salt Trading Corporation,247777,100,24.78,0.03,0.01,1,315,315,315,78.05
2,Bishal Bazar Co. Ltd.,273000,100,27.3,1.21,1.69,4,1400,1400,1400,382.2
,,520777,,52,1.24,1.7,5,,,,460.25
        Other,,,,,,,,,,,
,,    Outstanding,Paid up,Total Paid,Traded,Traded,No.of trans,High,Low,Closing,Market
,Name of the company,Equity,Value,up value, share,Amount Rs.,actions,,,,Capitali-
,,,,(in million),( in '000),( in million),,,,,
1,Necon Air Ltd,1792000,100,179.2,2.61,0.07,25,27,23,27,48.38
,,1792000,,179.2,2.61,0.07,25,,,,48.38
Nepal Stock Exchange Limited,,,,,,,,,,,
Company wise Transactions,,,,,,,,,,,
,,14th May 2004 to 14 th June 2004,,,,,,,,,
,Commercial Banks,"Jestha, 2061",,,,,,,,,
,,,,,Traded,,,,,,
,Name of the company,Outstanding,Paid up,Total Paid,Share,Traded,No.of tran-,High,Low,Closing,Market
,,Equity,Value,,Quantity,Amount Rs.,sactions,,,,Cap.
,,,,(in million),( in '000),( in million),,,,,(in million)
1,Nabil Bank Limited,4909950,100,491,14.11,11.94,125,965,815,920,4517.15
2,Nepal Investment Bank Ltd.,2366451,100,236.65,2.4,2.07,38,920,830,900,2129.81
3,Standard Chartered Bank Nepal,3395488,100,339.55,5,8.15,111,1650,1610,1610,5466.74
4,Himalayan Bank Limited,4290000,100,429,1.96,1.63,53,860,803,850,3646.5
5,Nepal SBI Bank Limited,4316544,100,431.65,8.83,2.49,83,295,278,292,1260.43
6,Nepal Bangladesh Bank Limited,3600000,100,360,13.71,5.14,145,410,353,390,1404
7,Everest Bank Limited,2632110,100,263.21,14.67,8.24,150,625,515,588,1547.68
8,Bank of Kathmandu Limited,4635809,100,463.58,48.84,11.65,218,278,216,239,1107.96
9,Nepal Ind. & Commercial Bank Ltd.,5000000,100,500,7.79,1.47,90,215,172,211,1055
10,Macha Puchchhre Bank Ltd,5500000,100,550,35.29,3.85,210,123,98,112,616
11,Laxmi Bank Limited,5500000,100,550,542.3,67.27,9041,134,112,127,698.5
,,46146352,,4614.64,695,123.91,10265,,,,23449.77
,Development Banking,,,,,,,,,,
,,Outstanding,Paid up,Total Paid,Share,Traded,No.of tr-,High,Low,Closing,Market
,Name of the company,Equity,Value,up value,Quantity,Amount Rs.,ansactions,,,,Cap.
,,,,(in million),( in '000),( in million),,,,,(in million)
1,Nepal Development Bank Limited,1440000,100,144,6.48,0.68,122,107,105,106,152.64
2,Development Credit Bank Ltd,1600000,100,160,4.09,0.66,53,165,160,165,264
3,Nirdhan Utthan Bank Ltd,100000,100,10,0.06,0.01,6,90,90,90,9
,,3140000,,314,10.63,1.35,181,,,,425.64
,,,,,,,,,,,
,Insurance Group,,,,,,,,,,
,,,,,,,,,,,
,Name of the company,Outstanding,Paid up,Total Paid,Traded,Traded,No.of trans,High,Low,Closing,Market
,,Equity,Value,up value,Share,  Amount Rs.,actions,,,,Cap.
,,,,(in million),( in '000),( in million),,,,,(in million)
1,Nepal Insurance Co. Ltd.,789987,100,79,0.08,0.03,3,375,375,375,296.25
2,Rastriya Beema sasthan,574783,100,57.48,0.09,0.11,3,1200,1200,1200,689.74
3,Himalayan Ge. Insurance Co.,300000,100,30,0.16,0.03,3,170,166,170,51
4,United Insurance Co. Ltd,600000,100,60,0.12,0.01,4,110,107,107,64.2
5,Premier Insurance Co. (Nepal ) Ltd.,300000,100,30,0.12,0.02,10,200,200,200,60
6,Neco Insurance Com. Ltd.,500000,100,50,0.09,0.01,8,112,110,112,56
7,Alliance Insurance Co. Ltd.,500000,100,50,22.97,2.37,9,105,103,104,52
8,Sagarmatha Insurance Company L,510000,100,51,0.25,0.03,18,130,128,130,66.3
9,Nepal Life Insurance Co. Ltd,2500000,100,250,2.07,0.3,71,145,143,144,360
10,Life Insurance Corp. Nepal Ltd,2500000,100,250,3.43,0.45,117,132,128,132,330
,,9074770,,907.48,29.38,3.36,246,,,,2025.48
,Finance Group,,,,,,,,,,
,Name of the company,    Outstanding,Paid up,Total Paid,Traded,Traded,No.of trans,High,Low,Closing,Market
,,Equity,Value,up value,Share, Amount Rs.,actions,,,,Cap.
,,,,(in million),( in '000),( in million),,,,,(in million)
1,Nepal Finance & Saving Co. Ltd,200000,100,20,0.1,0.02,7,165,160,160,32
2,NIDC Capital Markets,600000,100,60,0.2,0.02,2,107,107,107,64.2
3,Nepal Share Markets & Fin. Ltd.,1200000,100,120,1.06,0.11,4,103,103,103,123.6
4,Annunapurna Finance Limited,200000,100,20,5.82,2.55,68,440,435,440,88
5,Kathmandu Finance Ltd,200000,100,20,5.05,1.06,13,210,200,209,41.8
6,Peoples Finance Ltd,200000,100,20,0.16,0.02,5,110,103,103,20.6
7,Union Finance Ltd,600000,100,60,14.65,1.85,46,136,122,133,79.8
8,Citizen Investment Trust,400000,100,40,0.04,0.01,4,166,166,166,66.4
9,Nepal Aawas Bikas Beeta Co. Ltd.,363675,100,36.37,0.29,0.05,12,165,160,165,60.01
10,Narayani Finance Ltd,251224,100,25.12,0.07,0.02,4,220,220,220,55.27
11,Ace Finance Co. Ltd,900000,100,90,1.48,0.24,12,163,162,162,145.8
12,Yeti Finance Co. Ltd,200000,100,20,0.02,0,1,191,191,191,38.2
13,Gorkha Finance Co. Ltd,250000,100,25,3.41,0.35,52,105,103,103,25.75
14,Samjhana Finance Co. Ltd,225000,100,22.5,17.4,2.16,3,124,124,124,27.9
15,Universal Finance Ltd,375000,100,37.5,0.09,0.01,9,130,130,130,48.75
16,Mahalaxmi Finance Ltd,495320,100,49.53,0.25,0.07,8,265,265,265,131.26
17,Lalitpur Finance Co. Ltd,225000,100,22.5,0.24,0.06,5,235,230,230,51.75
18,Goodwin Finance Co. Ltd,337500,95,32.06,0.4,0.07,4,180,180,180,60.75
19,Lumbini Fin. & Leasing Com. Ltd.,600000,85,51,0.91,0.09,28,105,100,100,60
20,Nepal Merchant Bank & Fin. Ltd.,2000000,50,100,1.45,0.24,47,167,164,167,334
21,Siddhartha Finance Ltd,200000,100,20,0.31,0.04,10,130,130,130,26
22,Alpic Everest Finance Ltd,200000,100,20,0.1,0.01,8,150,146,150,30
23,Nepal Bangladesh Fin. Leasing Co.,300000,100,30,0.12,0.01,6,102,102,102,30.6
24,United Finance Limited,600000,100,60,3.81,0.4,110,105,105,105,63
25,International Leas & Finance Co. L,120000,100,12,16.99,1.95,909,116,112,114,13.68
26,Shree Investment & Finance Co. Lt,400000,100,40,1.18,0.19,41,170,160,170,68
27,Central Finance Co. Ltd.,200000,100,20,9.12,1.2,36,135,126,132,26.4
28,Nepal Shreelanka Mer. Bank Ltd,1000000,100,100,2.49,0.18,137,84,72,72,72
29,Premier Finance Co. Ltd,200000,100,20,0.02,0,1,108,108,108,21.6
30,Nawa Durga Finance Ltd.,200000,100,20,0.98,0.12,9,120,117,117,23.4
31,Butwal Finance Ltd,500000,100,50,1.97,0.23,16,115,115,115,57.5
32,Janaki Finance Co. Ltd,200000,100,20,1.78,0.31,110,176,172,176,35.2
33,Standard Finance Limited,600000,100,60,11.61,1.18,394,102,101,101,60.6
34,Om Finance Limited,200000,100,20,2.08,0.32,110,155,145,155,31
35,Cosmic Merchant & Finance Ltd.,600000,100,60,24.65,3.06,1674,130,122,124,74.4
,,15342719,,1423.58,130.3,18.2,3905,,,,2189.22
,Manufact. & Processing,,,,,,,,,,
,Name of the company,    Outstanding,Paid up,Total Paid,Traded,Traded,No.of trans,High,Low,Closing,Market
,,Equity,Value,up value,Share,Amount Rs.,actions,,,,Cap.
,,,,(in million),( in '000),( in million),,,,,(in million)
1,Gorakhali Rubber Udyog Ltd.,3833400,75,287.51,0.02,0,2,28,27,28,107.34
2,Nepal Lever Ltd,1210000,100,121,0.2,0.27,2,1370,1350,1370,1657.7
,,5043400,,408.51,0.22,0.27,4,,,,1765.04
,Hotel,,,,,,,,,,
,Name of the company,    Outstanding,Paid up,Total Paid,Traded,Traded,No.of trans,High,Low,Closing,Market
,,Equity,Value,up value,Share,Amount Rs.,actions,,,,Cap.
,,,,(in million),( in '000),( in million),,,,,(in million)
1,Soaltee Hotel Ltd.,8697187,10,86.97,1.69,0.11,5,63,63,63,547.92
2,Taragaon Regency Hotel Ltd.,7449875,100,744.99,0.85,0.03,13,35,33,35,260.75
3,Oriental Hotels Limited,5000000,100,500,2.37,0.1,36,42,39,42,210
4,Taragaon Regency Hotel Ltd. (Pre.),,100,0,0.03,0,1,38,38,38,
,,21147062,,1332,4.94,0.24,55,,,,1018.67
,Trading,,,,,,,,,,
,Name of the company,    Outstanding,Paid up,Total Paid,Traded,Traded,No.of trans,High,Low,Closing,Market
,,Equity,Value,up value,Share,Amount Rs.,actions,,,,Cap.
,,,,(in million),( in '000),( in million),,,,,(in million)
1,Bishal Bazar Co. Ltd.,273000,100,27.3,0.2,0.28,2,1400,1400,1400,382.2
,,273000,,27,0.2,0.28,2,,,,382.2
        Other,,,,,,,,,,,
,,    Outstanding,Paid up,Total Paid,Traded,Traded,No.of trans,High,Low,Closing,Market
,Name of the company,Equity,Value,up value, share,Amount Rs.,actions,,,,Capitali-
,,,,(in million),( in '000),( in million),,,,,
1,Necon Air Ltd,1792000,100,179.2,0.05,0,4,27,26,26,46.59
2,Nepal Film Dev. Co. Ltd.,446623,100,44.66,0.1,0,5,46,44,44,19.65
,,2238623,,223.86,0.15,0,9,,,,66.24
,,,,,,,,,,,
Nepal Stock Exchange Limited,,,,,,,,,,,
Company wise Transactions,,,,,,,,,,,
,,15th June 2004 to 15 th July 2004,,,,,,,,,
,Commercial Banks,"Ashadh, 2061",,,,,,,,,
,,,,,Traded,,,,,,
,Name of the company,Outstanding,Paid up,Total Paid,Share,Traded,No.of tran-,High,Low,Closing,Market
,,Equity,Value,,Quantity,Amount Rs.,sactions,,,,Cap.
,,,,(in million),( in '000),( in million),,,,,(in million)
1,Nabil Bank Limited,4909950,100,491,21.17,20.99,183,1005,900,1000,4909.95
2,Nepal Investment Bank Ltd.,2952930,100,295.29,6.92,6.4,54,942,900,940,2775.75
3,Standard Chartered Bank Nepal,3746404,100,374.64,3.98,6.81,48,1761,1580,1745,6537.47
4,Himalayan Bank Limited,5250000,100,525,117.5,101.17,101,905,840,840,4410
5,Nepal SBI Bank Limited,4316544,100,431.65,9.17,2.74,74,307,285,307,1325.18
6,Nepal Bangladesh Bank Limited,3600000,100,360,52.89,22.83,396,445,290,290,1044
7,Everest Bank Limited,3150000,100,315,13.69,9.13,209,723,560,680,2142
8,Bank of Kathmandu Limited,4635809,100,463.58,54.72,14.68,225,310,236,295,1367.56
9,Nepal Ind. & Commercial Bank Ltd.,5000000,100,500,16.15,3.44,151,232,195,218,1090
10,Macha Puchchhre Bank Ltd,5500000,100,550,67.08,8.34,153,136,112,125,687.5
11,Laxmi Bank Limited,5500000,100,550,271.4,37.15,3974,173,126,156,858
,,48561637,,4856.16,634.67,233.68,5568,,,,27147.42
,Finance Group,,,,,,,,,,
,Name of the company,    Outstanding,Paid up,Total Paid,Traded,Traded,No.of trans,High,Low,Closing,Market
,,Equity,Value,up value,Share, Amount Rs.,actions,,,,Cap.
,,,,(in million),( in '000),( in million),,,,,(in million)
1,NIDC Capital Markets,600000,100,60,0.32,0.03,10,107,107,107,64.2
2,National Finance Co. Ltd.,420000,100,42,0.49,0.18,6,373,360,360,151.2
3,Nepal Share Markets & Fin. Ltd.,1200000,100,120,0.02,0,2,103,103,103,123.6
4,Annunapurna Finance Limited,200000,100,20,0.03,0.01,2,450,450,450,90
5,Kathmandu Finance Ltd,300000,100,20,9.97,2.19,11,220,205,205,61.5
6,Peoples Finance Ltd,426255,100,20,0.13,0.01,4,104,102,104,44.33
7,Union Finance Ltd,659965,100,60,2.28,0.29,45,131,125,131,86.46
8,Citizen Investment Trust,400000,100,40,0.04,0.01,4,168,165,165,66
9,Nepal Aawas Bikas Beeta Co. Ltd.,363675,100,36.37,0.15,0.02,4,165,165,165,60.01
10,Narayani Finance Ltd,251224,100,25.12,0.15,0.03,2,220,220,220,55.27
11,Ace Finance Co. Ltd,900000,100,90,0.96,0.16,12,173,165,173,155.7
12,Gorkha Finance Co. Ltd,250000,100,25,1.94,0.2,37,104,103,104,26
13,Universal Finance Ltd,375000,100,37.5,0.05,0.01,5,130,130,130,48.75
14,Nepal Housing & Merchant Fin. Ltd,450000,100,45,0.15,0.03,1,230,230,230,103.5
15,General Fiance Ltd,200000,100,20,0.03,0,3,150,150,150,30
16,Mahalaxmi Finance Ltd,495320,100,49.53,0.64,0.17,7,270,265,270,133.74
17,Lalitpur Finance Co. Ltd,225000,100,22.5,0.21,0.05,6,235,230,235,52.88
18,Lumbini Fin. & Leasing Com. Ltd.,600000,85,51,0.86,0.09,17,100,100,100,60
19,Nepal Merchant Bank & Fin. Ltd.,2000000,50,100,4.19,0.72,66,175,167,175,350
20,Siddhartha Finance Ltd,200000,100,20,23.61,2.84,25,130,120,120,24
21,Alpic Everest Finance Ltd,400000,100,20,0.73,0.11,25,150,150,150,60
22,Nepal Bangladesh Fin. Leasing Co.,300000,100,30,0.03,0,3,102,100,100,30
23,United Finance Limited,600000,100,60,1.72,0.18,91,107,105,106,63.6
24,International Leas & Finance Co. L,120000,100,12,4.85,0.54,182,113,110,111,13.32
25,Shree Investment & Finance Co. Lt,400000,100,40,1.65,0.28,79,171,164,171,68.4
26,Central Finance Co. Ltd.,200000,100,20,5.6,0.73,25,130,130,130,26
27,Nepal Shreelanka Mer. Bank Ltd,1000000,100,100,5.71,0.5,149,98,72,95,95
28,Premier Finance Co. Ltd,200000,100,20,0.41,0.04,13,108,107,107,21.4
29,Nawa Durga Finance Ltd.,200000,100,20,1.15,0.13,8,117,117,117,23.4
30,Butwal Finance Ltd,500000,100,50,0.71,0.08,29,115,115,115,57.5
31,Janaki Finance Co. Ltd,200000,100,20,2.62,0.46,151,180,175,175,35
32,Standard Finance Limited,600000,100,60,0.68,0.07,25,101,101,101,60.6
33,Om Finance Limited,200000,100,20,0.54,0.09,35,160,156,160,32
34,Cosmic Merchant & Finance Ltd.,600000,100,60,49.02,5.95,2707,126,120,126,75.6
,,16036439,,1436.02,121.64,16.2,3791,,,,2448.94
,Insurance Group,,,,,,,,,,
,Name of the company,Outstanding,Paid up,Total Paid,Traded,Traded,No.of trans,High,Low,Closing,Market
,,Equity,Value,up value,Share,  Amount Rs.,actions,,,,Cap.
,,,,(in million),( in '000),( in million),,,,,(in million)
1,Nepal Insurance Co. Ltd.,789987,100,79,0.1,0.04,1,375,375,375,296.25
2,National Life & Gen. Insurance,300000,100,30,0.05,0.01,3,270,270,270,81
3,Himalayan Ge. Insurance Co.,300000,100,30,0.27,0.05,3,175,172,175,52.5
4,United Insurance Co. Ltd,600000,100,60,0.64,0.07,7,107,105,105,63
5,Everest Insurance Co.Ltd.,300000,100,30,0.01,0,1,350,350,350,105
5,Premier Insurance Co. (Nepal ) Ltd.,300000,100,30,0.12,0.03,8,210,200,210,63
6,Neco Insurance Com. Ltd.,500000,100,50,0.19,0.02,17,112,112,112,56
7,Alliance Insurance Co. Ltd.,500000,100,50,3.72,0.38,4,103,103,103,51.5
8,Sagarmatha Insurance Company L,510000,100,51,0.47,0.06,21,131,130,131,66.81
9,NB Insurance Co. Limited,1000000,100,100,0.36,0.05,6,130,124,124,124
10,Nepal Life Insurance Co. Ltd,2500000,100,250,9.14,1.41,184,162,144,162,405
11,Life Insurance Corp. Nepal Ltd,2500000,100,250,7.9,1.08,140,140,132,140,350
,,10099987,,1010,22.97,3.2,395,,,,1714.06
,,,,,,,,,,,
,Manufact. & Processing,,,,,,,,,,
,Name of the company,    Outstanding,Paid up,Total Paid,Traded,Traded,No.of trans,High,Low,Closing,Market
,,Equity,Value,up value,Share,Amount Rs.,actions,,,,Cap.
,,,,(in million),( in '000),( in million),,,,,(in million)
1,Bottlers Nepal Ltd. (Balaju),1948887,100,194.89,0.05,0.03,1,554,554,554,1079.68
2,Nepal Lever Ltd,1210000,100,121,0.86,1.2,16,1400,1380,1400,1694
3,Shree Bhrikuti Paper ( Nepal ) Ltd.,3500000,100,350,0.02,0,2,58,58,58,203
4,Himalayan Distillery Limited,4130000,100,413,0.1,0.01,5,100,100,100,413
,,10788887,,1078.89,1.03,1.24,24,,,,3389.68
,Hotel,,,,,,,,,,
,Name of the company,    Outstanding,Paid up,Total Paid,Traded,Traded,No.of trans,High,Low,Closing,Market
,,Equity,Value,up value,Share,Amount Rs.,actions,,,,Cap.
,,,,(in million),( in '000),( in million),,,,,(in million)
1,Soaltee Hotel Ltd.,8697187,10,86.97,0.13,0.01,1,65,65,65,565.32
2,Taragaon Regency Hotel Ltd.,7449875,100,744.99,0.47,0.02,7,39,35,39,290.55
3,Oriental Hotels Limited,5000000,100,500,2.94,0.12,43,42,40,42,210
4,Taragaon Regency Hotel Ltd. (Pre.),,100,0,0.33,0.01,3,39,39,39,
,,21147062,,1331.96,3.87,0.16,54,,,,1065.86
,Trading,,,,,,,,,,
,Name of the company,    Outstanding,Paid up,Total Paid,Traded,Traded,No.of trans,High,Low,Closing,Market
,,Equity,Value,up value,Share,Amount Rs.,actions,,,,Cap.
,,,,(in million),( in '000),( in million),,,,,(in million)
1,Salt Trading Corporation,247777,100,24.78,0.03,0.01,1,315,315,315,78.05
2,Bishal Bazar Co. Ltd.,273000,100,27.3,0.37,0.53,3,1450,1400,1400,382.2
3,Nepal welfare Company Ltd.,41000,50,2.05,0.04,0,2,80,80,80,3.28
,,561777,,54.13,0.44,0.54,6,,,,463.53
,Development Banking,,,,,,,,,,
,,Outstanding,Paid up,Total Paid,Share,Traded,No.of tr-,High,Low,Closing,Market
,Name of the company,Equity,Value,up value,Quantity,Amount Rs.,ansactions,,,,Cap.
1,Nepal Development Bank Limited,1600000,100,160,2.59,0.27,62,107,102,102,163.2
2,Development Credit Bank Ltd,1600000,100,160,0.83,0.14,44,167,165,167,267.2
,,3200000,,320,3.42,0.41,106,,,,430.4
        Other,,,,,,,,,,,
,,    Outstanding,Paid up,Total Paid,Traded,Traded,No.of trans,High,Low,Closing,Market
,Name of the company,Equity,Value,up value, share,Amount Rs.,actions,,,,Capitali-
1,Nepal Film Dev. Co. Ltd.,446623,100,44.66,0.01,0,1,42,42,42,18.76
2,NCM Mutual Fund,1000000,10,10,2.2,0.02,6,11,10,11,11
,,1446623,,54.66,2.21,0.02,7,,,,29.76
