Unnamed: 0,Unnamed: 1,Unnamed: 2,Unnamed: 3,Unnamed: 4,Unnamed: 5,Unnamed: 6,Unnamed: 7,Unnamed: 8,Unnamed: 9,Unnamed: 10,Unnamed: 11,Unnamed: 12,Unnamed: 13,Unnamed: 14,Unnamed: 15,Unnamed: 16,Unnamed: 17,Unnamed: 18,Unnamed: 19,Unnamed: 20,Unnamed: 21
,,,,,,,,,,,,,,,,,,,,,
,,,,,,"Nepal Stock Exchange Limited
Singhadurbar Plaza, Kathmandu, Nepal
Phone: 977-1-4250758, 4250735, Fax: 977-1-4262538
Email: info@nepalstock.com",,,,,,,,,,,,,,,
,,,,,,,,,,,,,,,,,,,,,
,,,,,,Trade by Sector Report (2023-7-17 to 2024-7-15) ,,,,,,,,,,,,,,,
,,,,,,,,,,,,,,,,,,,,,
Commercial Banks,,,,,,,,,,,,,,,,,,,,,
S.N.,SECURITY NAME,,,,,,SYMBOL,LISTED UNITS,,FACE VALUE,PAID UP CAPITAL     (Rs. in million),TOTAL TRADED QUANTITY,TOTAL TRADED VALUE (Rs. in million),,TOTAL TRADES,HIGH PRICE,LOW PRICE,CLOSE PRICE,AVERAGE PRICE,NO. OF TRADING DAYS,MARKET CAPITALIZATION          (Rs. in million)
1,Agricultural Development Bank Limited,,,,,,ADBL,134516742,,100,13451.67,7615895,1948.27,,45576,308,220.5,294,255.816341,229,39547.92
2,Citizens Bank International Limited,,,,,,CZBIL,142009741,,100,14200.97,9021992,1590.79,,36093,207.8,152.5,193.5,176.323211,229,27478.88
3,Everest Bank Limited,,,,,,EBL,117679040,,100,11767.9,8740256,4837.88,,54058,633,448,560,553.516931,229,65900.26
4,Global IME Bank Limited,,,,,,GBIME,361287703,,100,36128.77,23482497,4676.84,,113760,241.9,170,194.2,199.162748,229,70162.07
5,Himalayan Bank Limited,,,,,,HBL,216566158,,100,21656.62,8464021,1705.78,,42861,240,167.1,204.2,201.532504,229,44222.81
6,Kumari Bank Limited,,,,,,KBL,262258613,,100,26225.86,28182401,4338.25,,94609,195.8,129.6,153.7,153.934579,229,40309.15
7,Laxmi Sunrise Bank Limited,,,,,,LSL,231871546,,100,23187.15,15723013,2692.77,,37780,208,143.6,175,171.263139,199,40577.52
8,Machhapuchhre Bank Limited,,,,,,MBL,116213573,,100,11621.36,15422263,3356.22,,53075,283,157.8,200,217.621707,229,23242.71
9,Nabil Bank Limited,,,,,,NABIL,270569984,,100,27057,14283415,7340.29,,158570,653,419,524,513.903293,229,141778.67
10,Nepal Bank Limited,,,,,,NBL,146940230,,100,14694.02,13115680,3071.06,,60659,280,195.1,229.5,234.151824,229,33722.78
11,Nepal Investment Mega Bank Limited,,,,,,NIMB,341285949,,100,34128.59,18798098,3276.25,,83302,217,147.4,175.1,174.286081,229,59759.17
12,Nepal SBI Bank Limited,,,,,,SBI,105001523,,100,10500.15,5762846,1824.41,,21087,375,268.6,328,316.581156,229,34440.5
13,NIC Asia Bank Ltd.,,,,,,NICA,149175670,,100,14917.57,16543842,8617.11,,124446,852,341.6,443.2,520.864976,229,66114.66
14,NMB Bank Limited,,,,,,NMB,183667060,,100,18366.71,10147656,2068.47,,45879,252,162,218,203.837024,229,40039.42
15,Prabhu  Bank Limited,,,,,,PRVU,235424899,,100,23542.49,23087936,3695.99,,97273,206,132,163.7,160.083111,229,38539.06
16,Prime Commercial Bank Ltd.,,,,,,PCBL,194025759,,100,19402.58,16154129,3203.94,,60586,229.3,176,221.8,198.335902,229,43034.91
17,Sanima Bank Limited,,,,,,SANIMA,135815256,,100,13581.53,12289497,3283.79,,61567,310,225.5,279,267.203348,229,37892.46
18,Siddhartha Bank Limited,,,,,,SBL,140899802,,100,14089.98,10223413,2549.26,,35786,291.7,212.2,283,249.355201,229,39874.64
19,Standard Chartered Bank Limited,,,,,,SCB,94294539,,100,9429.45,5034672,2766.7,,37063,612,497.4,602,549.530331,229,56765.31
20,Sunrise Bank Limited,,,,,,SRBL,0,,100,0,0,0,,0,173.1,173.1,100,0,0,0
TOTAL,,,,,,,,3579503787,,,357950.37,262093522,66844.07,,1264030,,,,,,943402.9000000004
,,,,,,,,,,,,,,,,,,,,,
,,,,,,,,,,,,,,,,,,,,,
Development Banks,,,,,,,,,,,,,,,,,,,,,
S.N.,SECURITY NAME,,,,,,SYMBOL,LISTED UNITS,,FACE VALUE,PAID UP CAPITAL     (Rs. in million),TOTAL TRADED QUANTITY,TOTAL TRADED VALUE (Rs. in million),,TOTAL TRADES,HIGH PRICE,LOW PRICE,CLOSE PRICE,AVERAGE PRICE,NO. OF TRADING DAYS,MARKET CAPITALIZATION          (Rs. in million)
21,Corporate Development Bank Limited,,,,,,CORBL,5250000,,100,525,1824733,776.61,,14359,621.1,303,586.9,425.602863,229,3081.22
22,Excel Development Bank Ltd.,,,,,,EDBL,12496945,,100,1249.69,5350572,1984.72,,21825,500,290.2,453,370.935574,229,5661.12
23,Garima Bikas Bank Limited,,,,,,GBBL,56805175,,100,5680.52,7774239,2976.68,,47160,432.4,350,385.1,382.889745,229,21875.67
24,Green Development Bank Ltd.,,,,,,GRDBL,5387220,,100,538.72,2797429,1103.97,,16656,515,280,491,394.638446,229,2645.13
25,Jyoti Bikas Bank Limited,,,,,,JBBL,43957860,,100,4395.79,13336489,4104.85,,60663,357,259.8,314,307.791129,229,13802.77
26,Kamana Sewa Bikas Bank Limited,,,,,,KSBBL,32811648,,100,3281.16,11379044,4064.36,,46742,434,284.7,416,357.179406,229,13649.65
27,Karnali Development Bank Limited,,,,,,KRBL,5028300,,100,502.83,6425400,2524.65,,30642,515,241.1,483.9,392.91678,229,2433.19
28,Lumbini Bikas Bank Ltd.,,,,,,LBBL,35181342,,100,3518.13,7261556,2910.11,,34698,454,361,416.6,400.755345,229,14656.55
29,Mahalaxmi Bikas Bank Ltd.,,,,,,MLBL,41713186,,100,4171.32,9125467,3059.18,,38450,379,291,352,335.235858,229,14683.04
30,Miteri Development Bank Limited,,,,,,MDB,11114267,,100,1111.43,4905395,2263,,22543,592,375,540,461.328554,229,6001.7
31,Muktinath Bikas Bank Ltd.,,,,,,MNBBL,70469382,,100,7046.94,6632800,2497.7,,48135,446,332.4,367,376.568051,228,25862.26
32,Narayani Development Bank Limited,,,,,,NABBC,2624676,,100,262.47,2931565,1471.17,,18570,670,342.1,565,501.838468,226,1482.94
33,Saptakoshi Development Bank Ltd,,,,,,SAPDBL,8343385,,100,834.34,6925739,2249.9,,32179,457,211.7,430,324.860007,229,3587.66
34,Shangrila Development Bank Ltd.,,,,,,SADBL,34309714,,100,3430.97,9133078,2936,,35080,373.4,266,349,321.46924,229,11974.09
35,Shine Resunga Development Bank Ltd.,,,,,,SHINE,47336911,,100,4733.69,14201619,5577.34,,60869,435,346.6,405.1,392.725932,229,19176.18
36,Sindhu Bikash Bank Ltd,,,,,,SINDU,5574561,,100,557.46,3741306,1306.64,,20408,487.8,234,454,349.247995,229,2530.85
TOTAL,,,,,,,,418404572,,,41840.46,113746431,41806.880000000005,,548979,,,,,,163104.02
,,,,,,,,,,,,,,,,,,,,,
,,,,,,,,,,,,,,,,,,,,,
Finance,,,,,,,,,,,,,,,,,,,,,
S.N.,SECURITY NAME,,,,,,SYMBOL,LISTED UNITS,,FACE VALUE,PAID UP CAPITAL     (Rs. in million),TOTAL TRADED QUANTITY,TOTAL TRADED VALUE (Rs. in million),,TOTAL TRADES,HIGH PRICE,LOW PRICE,CLOSE PRICE,AVERAGE PRICE,NO. OF TRADING DAYS,MARKET CAPITALIZATION          (Rs. in million)
37,Best Finance Company Ltd.,,,,,,BFC,8548167,,100,854.82,5750407,2263.03,,36888,528,284,500,393.542969,229,4274.08
38,Capital Merchant Bank & Finance Co. Ltd.,,,,,,CMB,9350695,,100,935.07,0,0,,0,140,140,140,0,0,1309.1
39,Central Finance Co. Ltd.,,,,,,CFCL,9488756,,100,948.88,6870014,2808.63,,39907,558,298,532,408.824746,229,5048.02
40,Crystal Finance Ltd.,,,,,,CFL,700000,,100,70,0,0,,0,117,117,117,0,0,81.9
41,Goodwill Finance Limited,,,,,,GFCL,9461152,,100,946.12,5549856,2947.24,,31320,690,375,627,531.047856,229,5932.14
42,Guheshowori Merchant Bank & Finance Co. Ltd.,,,,,,GMFIL,10121760,,100,1012.18,5326237,2166.49,,23227,535,312.2,520,406.758707,229,5263.32
43,Gurkhas Finance Ltd.,,,,,,GUFL,8679937,,100,867.99,12598601,8982.21,,90827,946,481.6,720,712.952722,229,6249.55
44,Himalayan Finance Limited (Bittiya Sanstha),,,,,,HFL,1400000,,100,140,0,0,,0,18,18,18,0,0,25.2
45,ICFC Finance Limited,,,,,,ICFC,11834710,,100,1183.47,7194655,3780.8,,53002,673,423,619,525.500716,229,7325.69
46,Janaki Finance Company Limited,,,,,,JFL,6904728,,100,690.47,8680131,4734.59,,51726,831,316.7,742.5,545.451047,229,5126.76
47,Manjushree Finance Ltd.,,,,,,MFIL,13515529,,100,1351.55,7210149,3887.87,,49571,640.5,472,602.9,539.221342,229,8148.51
48,Multipurpose Finance Company  Limited,,,,,,MPFL,6102000,,100,610.2,9175052,3895.5,,45758,551,261,529.5,424.57542,229,3231.01
49,Nepal Finance Ltd.,,,,,,NFS,8389439,,100,838.94,15460199,8176.48,,75500,1099,270,894,528.872938,229,7500.16
50,Nepal Share Markets Ltd.,,,,,,NSM,4320000,,100,432,0,0,,0,174,174,174,0,0,751.68
51,Pokhara Finance Ltd.,,,,,,PFL,10825567,,100,1082.56,11595555,6833.22,,63236,795,320.2,592,589.296565,229,6408.74
52,Progressive Finance Limited,,,,,,PROFL,8561070,,100,856.11,10325891,3695.02,,56496,462.5,269.1,426,357.840197,229,3647.02
53,Reliance Finance Ltd.,,,,,,RLFL,11214518,,100,1121.45,10510736,4117.88,,44544,470,285,459,391.778606,229,5147.46
54,Samjhana Finance Co. Ltd.,,,,,,SFC,225000,,100,22.5,0,0,,0,230,230,230,0,0,51.75
55,Samriddhi Finance Company Limited,,,,,,SFCL,8189114,,100,818.91,9293871,3366.7,,52180,485,246.2,460,362.249177,229,3766.99
56,Shree Investment Finance Co. Ltd.,,,,,,SIFC,9816832,,100,981.68,5722422,2365.37,,30291,508,300.1,490,413.350632,229,4810.25
TOTAL,,,,,,,,157648974,,,15764.9,131263776,64021.02999999999,,744473,,,,,,84099.33000000002
,,,,,,,,,,,,,,,,,,,,,
,,,,,,,,,,,,,,,,,,,,,
Hotels And Tourism,,,,,,,,,,,,,,,,,,,,,
S.N.,SECURITY NAME,,,,,,SYMBOL,LISTED UNITS,,FACE VALUE,PAID UP CAPITAL     (Rs. in million),TOTAL TRADED QUANTITY,TOTAL TRADED VALUE (Rs. in million),,TOTAL TRADES,HIGH PRICE,LOW PRICE,CLOSE PRICE,AVERAGE PRICE,NO. OF TRADING DAYS,MARKET CAPITALIZATION          (Rs. in million)
57,Chandragiri Hills Limited,,,,,,CGH,15340910,,100,1534.09,3112990,2965.23,,46579,1520,760,908,952.533277,229,13929.55
58,City Hotel Limited,,,,,,CITY,16740000,,100,1674,5069862,3407.86,,72776,782.5,503.7,744,672.180085,229,12454.56
59,Kalinchowk Darshan Limited,,,,,,KDL,6000000,,100,600,2172292,2150.92,,39029,1364.8,717,1171,990.16156,229,7026
60,Oriental Hotels Limited,,,,,,OHL,11280905,,100,1128.09,1983284,1537.58,,14096,885,639.5,785,775.269031,229,8855.51
61,Soaltee Hotel Limited,,,,,,SHL,92895370,,10,928.95,21342916,9704.83,,67292,533,382.2,442,454.709701,229,41059.75
62,Taragaon Regency Hotel Limited,,,,,,TRH,19621202,,100,1962.12,3220615,2533.81,,23383,979.2,640,807,786.745807,228,15834.31
63,Yak And Yeti Hotel Limited,,,,,,YHL,2209208,,100,220.92,0,0,,0,600,600,600,0,0,1325.52
TOTAL,,,,,,,,164087595,,,8048.17,36901959,22300.23,,263155,,,,,,100485.2
,,,,,,,,,,,,,,,,,,,,,
,,,,,,,,,,,,,,,,,,,,,
Hydro Power,,,,,,,,,,,,,,,,,,,,,
S.N.,SECURITY NAME,,,,,,SYMBOL,LISTED UNITS,,FACE VALUE,PAID UP CAPITAL     (Rs. in million),TOTAL TRADED QUANTITY,TOTAL TRADED VALUE (Rs. in million),,TOTAL TRADES,HIGH PRICE,LOW PRICE,CLOSE PRICE,AVERAGE PRICE,NO. OF TRADING DAYS,MARKET CAPITALIZATION          (Rs. in million)
64,Ankhu Khola Jalvidhyut Company Ltd,,,,,,AKJCL,8000000,,100,800,10385438,2211.49,,51467,250,141.3,220,212.941446,229,1760
65,Api Power Company Ltd.,,,,,,API,57865979,,100,5786.6,32230551,6062.26,,124762,222.3,154.7,191,188.090633,229,11052.4
66,Arun Kabeli Power Ltd.,,,,,,AKPL,38959421,,100,3895.94,27181945,5151.24,,110543,242.7,152.4,185,189.509592,229,7207.49
67,Arun Valley Hydropower Development Co. Ltd.,,,,,,AHPC,37359252,,100,3735.93,20346289,4248.43,,79775,304,149,177.9,208.806314,229,6646.21
68,Asian Hydropower Limited,,,,,,AHL,3400000,,100,340,2445395,1057.46,,32145,551,273.1,520.3,432.429848,229,1769.02
69,Balephi Hydropower Limited,,,,,,BHL,18279700,,100,1827.97,3208473,1060.94,,37132,433,192.7,415,330.66863,229,7586.08
70,Barahi Hydropower Public Limited,,,,,,BHPL,2500000,,100,250,1739750,908.38,,24076,767,304.1,648,522.132965,229,1620
71,Barun Hydropower Co. Ltd.,,,,,,BARUN,5358150,,100,535.82,9274528,2489.49,,36277,329,191.1,296,268.42226900000003,229,1586.01
72,Bhagawati Hydropower Development Company Limited,,,,,,BGWT,5720647,,100,572.06,3044419,2032.91,,55321,1361.7,352,987.3,667.750577,171,5647.99
73,Bhugol Energy Development Company Limited,,,,,,BEDC,5440534,,100,544.05,4237172,1448.25,,62588,463,170,444,341.795557,229,2415.6
74,Bindhyabasini Hydropower Development Company Limited,,,,,,BHDC,10500000,,100,1050,2209460,1102.19,,29508,634.2,286.5,580,498.852178,228,6090
75,Buddha Bhumi Nepal Hydropower Company Limited,,,,,,BNHC,4000000,,100,400,2926219,1507.62,,29283,742,270.1,637,515.211146,229,2548
76,Butwal Power Company Limited,,,,,,BPCL,34090646,,100,3409.06,2725506,844,,24393,360,284.4,310,309.665704,229,10568.1
77,Chhyangdi Hydropower Ltd.,,,,,,CHL,3869775,,100,386.98,3814773,1124.16,,20197,349.5,194.1,314,294.684783,229,1215.11
78,Chilime Hydropower Company Limited,,,,,,CHCL,79839976,,100,7984,6772870,3308.03,,40554,580,426.3,465,488.424352,229,37125.59
79,Chirkhwa Hydropower Limited ,,,,,,CKHL,4000000,,100,400,2265410,1294.83,,53352,686.8,300,606.7,571.564419,133,2426.8
80,Dibyashwori Hydropower Ltd.,,,,,,DHPL,2640000,,100,264,4378960,848.15,,25049,242,134,213,193.688119,229,562.32
81,Dolti Power Company Limited,,,,,,DOLTI,5364860,,100,536.49,5923576,2216.1,,67557,539,177.4,462,374.115585,229,2478.57
82,Dordi Khola Jal Bidyut Company Limited,,,,,,DORDI,10542604,,100,1054.26,6007585,2430.95,,61000,576,191.6,450.5,404.646153,229,4749.44
83,Eastern Hydropower Limited,,,,,,EHPL,6200000,,100,620,2166977,982.4,,25115,618.1,273,550.1,453.351088,229,3410.62
84,Ghalemdi Hydro Limited,,,,,,GHL,16500000,,100,1650,15716181,2543.89,,61295,233,120,166.7,161.864631,229,2750.55
85,Green Ventures Limited,,,,,,GVL,31250000,,100,3125,6115749,2873.45,,62801,645,299.9,645,469.844165,229,20156.25
86,GreenLife Hydropower Limited,,,,,,GLH,18000000,,100,1800,6305599,1416.22,,38975,289,194.6,216.1,224.597804,229,3889.8
87,Himal Dolakha Hydropower Company Limited,,,,,,HDHPC,28000000,,100,2800,41950958,5937.98,,120854,164.4,116,149,141.545824,229,4172
88,Himalaya Urja Bikas Company Limited,,,,,,HURJA,19800000,,100,1980,9721275,2707.03,,38641,335.5,183.6,195,278.46456,229,3861
89,Himalayan Hydropower Limited,,,,,,HHL,10950000,,100,1095,4979633,1671.3,,52976,420,170.3,376.8,335.626686,229,4125.96
90,Himalayan Power Partner Ltd.,,,,,,HPPL,10654170,,100,1065.42,6064677,1645.52,,24780,322,199,306,271.328512,229,3260.18
91,Ingwa Hydropower Limited,,,,,,IHL,6000000,,100,600,5005335,1745.6,,61527,468.1,200.2,450,348.747686,229,2700
92,Joshi Hydropower Development Company Ltd,,,,,,JOSHI,3714000,,100,371.4,10901796,3527.27,,58455,412,182.1,298.1,323.549235,229,1107.14
93,Kalika power Company Ltd,,,,,,KPCL,8728500,,100,872.85,3550617,1504.18,,16595,504,272.4,465,423.639169,228,4058.75
94,Khanikhola Hydropower Co. Ltd.,,,,,,KKHC,4657143,,100,465.71,3290176,752.2,,18758,280.5,158,238.9,228.621485,229,1112.59
95,Kutheli Bukhari Small Hydropower Limited,,,,,,KBSH,1218675,,100,121.87,458247,503.07,,13194,1730,479,1509,1097.820038,204,1838.98
96,Liberty Energy Company Limited,,,,,,LEC,15000000,,100,1500,17975420,3373.48,,64183,293.7,138,201,187.671929,229,3015
97,Madhya Bhotekoshi Jalavidyut Company Limited,,,,,,MBJC,60000000,,100,6000,5816592,1794.85,,94926,376.3,246,307.5,308.574917,229,18450
98,Mai Khola Hydropower Limited,,,,,,MKHL,3921568,,100,392.16,5376497,2110.33,,59795,590.9,224,590.9,392.510006,229,2317.25
99,Mailung Khola Jal Vidhyut Company Limited,,,,,,MKJC,3763198,,100,376.32,1539003,784.7,,17091,735,293.2,576,509.877067,227,2167.6
100,Makar Jitumaya Suri Hydropower Limited,,,,,,MAKAR,7600000,,100,760,4813582,1803.62,,55663,495,213.1,454.3,374.693545,229,3452.68
101,Manakamana Engineering Hydropower Limited,,,,,,MEHL,8000000,,100,800,6873709,2042.68,,118392,383,175,348,297.172856,183,2784
102,Mandakini Hydropower Limited,,,,,,MHL,6159687,,100,615.97,3578745,1514.57,,35980,609.6,242.1,565,423.213644,229,3480.22
103,Mandu Hydropower Limited,,,,,,MANDU,13636370,,100,1363.64,4636195,3490.46,,85060,1493.1,373.2,1493.1,752.872079,172,20360.46
104,Mathillo Mailun Khola Jalvidhyut Limited,,,,,,MMKJL,10000000,,100,1000,4270151,1839.28,,74186,568.9,225,558.8,430.730595,156,5588
105,Maya Khola Hydropower Company Limited,,,,,,MKHC,10000000,,100,1000,5996383,1790.89,,66879,362,174.4,354.8,298.661288,229,3548
106,Menchhiyam Hydropower Limited,,,,,,MCHL,5425833,,100,542.58,4008160,1314.03,,52494,470,165.2,449,327.838851,229,2436.2
107,Mid Solu Hydropower Limited,,,,,,MSHL,7484000,,100,748.4,1779363,983.43,,39584,832.5,294.2,657.1,552.686174,171,4917.74
108,Modi Energy Limited,,,,,,MEL,29000000,,100,2900,12996186,2836.71,,224298,260.1,149,233.9,218.272271,229,6783.1
109,Molung Hydropower Company Limited,,,,,,MHCL,8025000,,100,802.5,8406096,3452.89,,101281,637,158.3,410,410.760417,229,3290.25
110,Mountain Energy Nepal Limited,,,,,,MEN,22632311,,100,2263.23,14661833,8674.86,,70634,1092,429.9,597,591.662913,229,13511.49
111,Mountain Hydro Nepal Limited,,,,,,MHNL,12500000,,100,1250,4678873,1140.57,,21176,309,169,249,243.769407,229,3112.5
112,National Hydro Power Company Limited,,,,,,NHPC,24664380,,100,2466.44,21073466,3336.34,,82135,187,126,162.9,158.319615,229,4017.83
113,Nepal Hydro Developers Ltd.,,,,,,NHDL,3594414,,100,359.44,3489438,1595.05,,16939,556,303,534,457.109312,229,1919.42
114,Ngadi Group Power Ltd.,,,,,,NGPL,18512792,,100,1851.28,29897081,8984.79,,99192,365,185.8,341,300.524063,229,6312.86
115,Nyadi Hydropower Limited,,,,,,NYADI,15000000,,100,1500,2982600,877.18,,35148,380,176.4,350,294.098754,229,5250
116,Panchakanya Mai Hydropower Ltd,,,,,,PMHPL,11000000,,100,1100,2973538,700.56,,17044,286.7,151.5,236.2,235.597063,229,2598.2
117,Panchthar Power Compant Limited,,,,,,PPCL,9625000,,100,962.5,4924080,1256.47,,24038,314,196,253.9,255.168659,229,2443.79
118,People's Power Limited,,,,,,PPL,6326000,,100,632.6,8305114,3558.82,,83676,683.4,198.1,455,428.509597,229,2878.33
119,Peoples Hydropower Company Limited,,,,,,PHCL,32000000,,100,3200,8510000,2683.94,,103202,377.6,216,319.9,315.387025,229,10236.8
120,Radhi Bidyut Company Ltd,,,,,,RADHI,17555890,,100,1755.59,11576628,2930.31,,47331,301,200.6,268.2,253.123279,229,4708.49
121,Rapti Hydro And General Construction Limited,,,,,,RHGCL,6127938,,100,612.79,5561393,1723.89,,56104,387,184.5,352.5,309.975114,229,2160.1
122,RASUWAGADHI HYDROPOWER COMPANY LIMITED,,,,,,RHPL,68421000,,100,6842.1,5655558,1627.18,,35805,332,239,295,287.713427,229,20184.19
123,Rawa Energy Development Limited,,,,,,RAWA,2800000,,100,280,2560462,1186.06,,39927,619,290.3,587,463.22142,229,1643.6
124,Ridi Power Company Limited,,,,,,RIDI,23233518,,100,2323.35,17096245,3671.96,,74586,320,154.5,190.5,214.78149,229,4425.99
125,River Falls Power Limited,,,,,,RFPL,7000000,,100,700,8256273,2821.59,,67459,481.4,193.8,369.1,341.750631,229,2583.7
126,Ru Ru Jalbidhyut Pariyojana Limited,,,,,,RURU,4933237,,100,493.32,1925847,1162.02,,18148,842,484.9,662,603.380885,229,3265.8
127,Sagarmatha Jalabidhyut Company Limited,,,,,,SMJC,11200000,,100,1120,12480483,4438.18,,127594,449,215,406,355.609472,229,4547.2
128,Sahas Urja Limited,,,,,,SAHAS,35000000,,100,3500,4349483,2272.41,,73879,610,402.8,519,522.45444,229,18165
129,Samling Power Company Limited,,,,,,SPC,5000000,,100,500,1728640,948.99,,20736,766,307.8,588,548.97935,229,2940
130,Sanima Mai Hydropower Ltd.,,,,,,SHPC,33981761,,100,3398.18,10839807,3705.58,,39018,383,282.3,339.5,341.849676,229,11536.81
131,Sanima Middle Tamor Hydropower Limited,,,,,,TAMOR,33325000,,100,3332.5,9117383,3374.07,,120867,463,230.1,450,370.069638,229,14996.25
132,SANJEN JALAVIDHYUT COMPANY LIMITED,,,,,,SJCL,32850000,,100,3285,2616490,749.36,,25972,330,232.1,283.7,286.400075,229,9319.55
133,Sayapatri Hydropower Limited,,,,,,SPHL,3000000,,100,300,1944319,921.61,,24008,606,294,599.9,474.002249,228,1799.7
134,Shiva Shree Hydropower Ltd,,,,,,SSHL,14764000,,100,1476.4,14276495,2439.04,,52134,200.8,133,179,170.842958,229,2642.76
135,Shuvam Power Limited,,,,,,SPL,2000000,,100,200,1038965,763.05,,21071,1073.3,615,765.1,734.432115,229,1530.2
136,Sikles Hydropower Limited,,,,,,SIKLES,8500000,,100,850,2595172,1422.87,,28689,805.8,315,805.8,548.274314,229,6849.3
137,Singati Hydro Energy Limited,,,,,,SHEL,29000000,,100,2900,10648078,1866.27,,50831,305.8,143.1,171.5,175.26831,229,4973.5
138,Super Madi Hydropower Limited,,,,,,SMHL,21000000,,100,2100,5617178,2785.76,,56453,661,310,622,495.936314,229,13062
139,Super Mai Hydropower Limited,,,,,,SMH,5000000,,100,500,1274917,838.93,,19456,890,485,863,658.026562,229,4315
140,Swet-Ganga Hydropower & Construction Limited ,,,,,,SGHC,15930000,,100,1593,4027260,1266.52,,48416,391,205.1,368,314.487885,229,5862.24
141,Synergy Power Development Ltd.,,,,,,SPDL,12098625,,100,1209.86,11794673,2887.1,,44504,299.8,160,254.9,244.779973,229,3083.94
142,Terhathum Power Company Limited,,,,,,TPC,4000000,,100,400,1513583,772.72,,19657,723,301.2,536.7,510.526839,227,2146.8
143,Three Star Hydropower Limited,,,,,,TSHL,4925000,,100,492.5,3105648,1437.63,,52198,655,227.7,590,462.9067,210,2905.75
144,Trishuli Jal Vidhyut Company Limited ,,,,,,TVCL,18525000,,100,1852.5,3552367,1725.38,,50502,660,268,497,485.698069,143,9206.92
145,Union Hydropower Limited,,,,,,UNHPL,7500000,,100,750,10407452,2409.62,,38295,280.5,156,250.5,231.528414,229,1878.75
146,United IDI Mardi RB Hydropower Limited.,,,,,,UMRH,4431000,,100,443.1,12356298,4747.75,,48852,475,261.3,430,384.237168,229,1905.33
147,United Modi Hydropower Ltd.,,,,,,UMHL,12305000,,100,1230.5,10786239,2709.42,,42449,309,167,256,251.192729,229,3150.08
148,UNIVERSAL POWER COMPANY LTD,,,,,,UPCL,22799300,,100,2279.93,16773911,3607.82,,58211,252.9,168,206.1,215.085369,229,4698.94
149,Upper Hewakhola Hydropower Company Limited,,,,,,UHEWA,5000000,,100,500,3048599,1180.56,,35668,519,250.8,466.3,387.24641,229,2331.5
150,Upper Lohore Khola Hydropower Company Limited,,,,,,ULHC,5098040,,100,509.8,7119337,2376.47,,109536,453,217.1,394,333.804413,183,2008.63
151,Upper Solu Hydro Electric Company Limited,,,,,,USHEC,13500000,,100,1350,4383507,1605.43,,45933,524.7,208.2,487,366.243076,229,6574.5
152,Upper Syange Hydropower Limited,,,,,,USHL,2200000,,100,220,1999106,893.9,,38228,690,253.6,625,447.149433,210,1375
153,Upper Tamakoshi Hydropower Ltd,,,,,,UPPER,211800000,,100,21180,26259588,5246.97,,135674,435.5,152.1,176.7,199.811622,229,37425.06
154,Vision Lumbini Urja Company Limited ,,,,,,VLUCL,19125000,,100,1912.5,3922885,2070.96,,120082,608,365.3,529,527.918832,133,10117.13
TOTAL,,,,,,,,1571203894,,,157120.39,709117913,207684.8699999999,,5090214,,,,,,536689.98
,,,,,,,,,,,,,,,,,,,,,
,,,,,,,,,,,,,,,,,,,,,
Investment,,,,,,,,,,,,,,,,,,,,,
S.N.,SECURITY NAME,,,,,,SYMBOL,LISTED UNITS,,FACE VALUE,PAID UP CAPITAL     (Rs. in million),TOTAL TRADED QUANTITY,TOTAL TRADED VALUE (Rs. in million),,TOTAL TRADES,HIGH PRICE,LOW PRICE,CLOSE PRICE,AVERAGE PRICE,NO. OF TRADING DAYS,MARKET CAPITALIZATION          (Rs. in million)
155,CEDB Hydropower Development Company Limited,,,,,,CHDC,9317451,,100,931.75,8506413,8017.59,,68433,1217.2,627,1159,942.53433,229,10798.93
156,Citizen Investment Trust,,,,,,CIT,60576755,,100,6057.68,2556134,5342.68,,56567,2346,1850,1945,2090.142219,229,117821.79
157,Emerging Nepal Limited,,,,,,ENL,5556000,,100,555.6,1286905,1165.42,,18673,1162,682.1,1108,905.595231,229,6156.05
158,Hathway Investment Nepal Limited,,,,,,HATHY,25740000,,50,1287,12007042,9587.59,,170009,1123,279.5,1013,798.497061,172,26074.62
159,Hydorelectricity Investment and Development Company Ltd,,,,,,HIDCL,228739084,,100,22873.91,17386052,3129.83,,80675,206,154,179,180.019695,229,40944.3
160,Nepal Infrastructure Bank Limited,,,,,,NIFRA,216000000,,100,21600,27283353,5888.75,,174923,253,180.2,228,215.836724,229,49248
161,NRN Infrastructure and Development Limited,,,,,,NRN,12232117,,100,1223.21,21166127,12382.09,,91442,779,280.6,748,584.995684,229,9149.62
TOTAL,,,,,,,,558161407,,,54529.15,90192026,45513.95,,660722,,,,,,260193.31
,,,,,,,,,,,,,,,,,,,,,
,,,,,,,,,,,,,,,,,,,,,
Life Insurance,,,,,,,,,,,,,,,,,,,,,
S.N.,SECURITY NAME,,,,,,SYMBOL,LISTED UNITS,,FACE VALUE,PAID UP CAPITAL     (Rs. in million),TOTAL TRADED QUANTITY,TOTAL TRADED VALUE (Rs. in million),,TOTAL TRADES,HIGH PRICE,LOW PRICE,CLOSE PRICE,AVERAGE PRICE,NO. OF TRADING DAYS,MARKET CAPITALIZATION          (Rs. in million)
162,Asian Life Insurance Co. Limited,,,,,,ALICL,33998364,,100,3399.84,7575010,4894.41,,42271,785,523,623,646.125809,229,21180.98
163,Citizen Life Insurance Company Limited,,,,,,CLI,39375000,,100,3937.5,13538748,6442.9,,383393,580,375,544.6,475.885604,178,21443.63
164,Himalayan Life Insurance Limited,,,,,,HLI,80203836,,100,8020.38,16323100,6981.05,,134743,525,364.1,391,427.679364,229,31359.7
165,IME Life Insurance Company Limited,,,,,,ILI,50000000,,100,5000,14844345,8142.68,,449412,640.6,412.5,453,548.537555,215,22650
166,Life Insurance Corporation (Nepal) Limited,,,,,,LICN,26532000,,100,2653.2,796779,1121.18,,10433,1655,1239.7,1438,1407.146334,229,38153.02
167,National Life Insurance Co. Ltd.,,,,,,NLICL,50116666,,100,5011.67,3348703,1957.15,,24676,676,521.3,595,584.448876,229,29819.42
168,Nepal Life Insurance Co. Ltd.,,,,,,NLIC,82079666,,100,8207.97,7244985,4691.5,,71239,777,566,619,647.551633,229,50807.31
169,Prabhu Mahalaxmi Life Insurance Limited,,,,,,PMLI,42960000,,100,4296,2070070,1116.2,,39534,647.8,473,564.1,539.208421,135,24233.74
170,Reliable Nepal Life Insurance Limited,,,,,,RNLI,46400000,,100,4640,15443147,7737.76,,418510,612,390,458,501.047842,188,21251.2
171,Sanima Reliance Life Insurance Limited,,,,,,SRLI,41840000,,100,4184,5204318,2489.9,,92412,593,401.5,472.4,478.428809,229,19765.22
172,Sun Nepal Life Insurance Company Limited,,,,,,SNLI,39616000,,100,3961.6,11278978,6085.63,,344612,645,396.1,511.3,539.555054,185,20255.66
173,SuryaJyoti Life Insurance Company Limited,,,,,,SJLIC,50119478,,100,5011.95,10684729,5462.22,,87462,640.2,395.1,429.9,511.217629,229,21546.36
TOTAL,,,,,,,,583241010,,,58324.11,108352912,57122.58,,2098697,,,,,,322466.23999999993
,,,,,,,,,,,,,,,,,,,,,
,,,,,,,,,,,,,,,,,,,,,
Manufacturing And Processing,,,,,,,,,,,,,,,,,,,,,
S.N.,SECURITY NAME,,,,,,SYMBOL,LISTED UNITS,,FACE VALUE,PAID UP CAPITAL     (Rs. in million),TOTAL TRADED QUANTITY,TOTAL TRADED VALUE (Rs. in million),,TOTAL TRADES,HIGH PRICE,LOW PRICE,CLOSE PRICE,AVERAGE PRICE,NO. OF TRADING DAYS,MARKET CAPITALIZATION          (Rs. in million)
174,Arun Vanaspati Udhyog Limited,,,,,,AVU,550343,,100,55.03,0,0,,0,58,58,58,0,0,31.92
175,Birat Shoe Limited,,,,,,BSL,165000,,100,16.5,0,0,,0,28,28,28,0,0,4.62
176,Bottlers Nepal (Balaju) Limited,,,,,,BNL,1948887,,100,194.89,6090,98.54,,561,23765.6,2311.9,15705,16181.019819,99,30607.27
177,Bottlers Nepal (Terai) Limited,,,,,,BNT,1210000,,100,121,84476,1137.47,,5305,17508,10500,13000,13465.026592,223,15730
178,Butwal Spinning Mills Limited,,,,,,BSM,1306693,,100,130.67,0,0,,0,18,18,18,0,0,23.52
179,Fleur Himalayan Limited,,,,,,FHL,262102,,75,19.66,0,0,,0,75,75,75,0,0,19.66
180,Ghorahi Cement Industry Limited,,,,,,GCIL,45676857,,100,4567.69,15352906,7767.92,,273253,614,363.1,496,505.957771,210,22655.72
181,Gorakhkali Rubber Udhyog Limited,,,,,,GRU,3833400,,75,287.5,0,0,,0,38,38,38,0,0,145.67
182,Harisiddhi Brick And Tiles Limited,,,,,,HBT,18650000,,10,186.5,0,0,,0,4,4,4,0,0,74.6
183,Himalayan Distillery Limited,,,,,,HDL,26725233,,100,2672.52,5646444,9222.31,,138539,2389,1140,1384,1633.295015,229,36987.72
184,Jyoti Sinning Mills Limited,,,,,,JSM,1270288,,100,127.03,0,0,,0,27,27,27,0,0,34.3
185,Nepal Bitumin And Barrel Udhyog Limited,,,,,,NBBU,210680,,100,21.07,0,0,,0,64,64,64,0,0,13.48
186,Nepal Khadya Udhyog Limited,,,,,,NKU,90000,,100,9,0,0,,0,32,32,32,0,0,2.88
187,Nepal Lube Oil Limited,,,,,,NLO,607704,,100,60.77,364,0.09,,44,282.4,225.92,253.4,251.793131,8,153.99
188,Nepal Vanaspati Ghee Udhyog Limited,,,,,,NVG,101250,,100,10.13,0,0,,0,300,300,300,0,0,30.38
189,Raghupati Jute Mills Limited,,,,,,RJM,1806966,,100,180.7,0,0,,0,100,100,100,0,0,180.7
190,Sarbottam Cement Limited,,,,,,SARBTM,46500000,,100,4650,4483673,3836.45,,70574,1083,556,806.5,855.649967,76,37502.25
191,SHIVAM CEMENTS LTD,,,,,,SHIVM,50270000,,100,5027,33606754,18024.62,,174007,675,446.9,502.3,536.33935,229,25250.62
192,Shree Bhrikuti Pulp And Paper Limited,,,,,,SBPP,3500000,,100,350,0,0,,0,50,50,50,0,0,175
193,Shree Ram Sugar Mills Limited,,,,,,SRS,3045990,,100,304.6,0,0,,0,338,338,338,0,0,1029.54
194,Sonapur Minerals And Oil Limited,,,,,,SONA,30750500,,237.58,7305.7,36001156,15711.99,,597305,575,230,456.1,436.430121,166,14025.3
195,Unilever Nepal Limited,,,,,,UNL,920700,,100,92.07,24645,982.49,,1837,49250,32338.1,47328,39865.795248,213,43574.89
TOTAL,,,,,,,,239402593,,,26390.03,95206508,56781.87999999999,,1261425,,,,,,228254.02999999997
,,,,,,,,,,,,,,,,,,,,,
,,,,,,,,,,,,,,,,,,,,,
Microfinance,,,,,,,,,,,,,,,,,,,,,
S.N.,SECURITY NAME,,,,,,SYMBOL,LISTED UNITS,,FACE VALUE,PAID UP CAPITAL     (Rs. in million),TOTAL TRADED QUANTITY,TOTAL TRADED VALUE (Rs. in million),,TOTAL TRADES,HIGH PRICE,LOW PRICE,CLOSE PRICE,AVERAGE PRICE,NO. OF TRADING DAYS,MARKET CAPITALIZATION          (Rs. in million)
196,Aarambha Chautari Laghubitta Bittiya Sanstha Limited,,,,,,ACLBSL,3671435,,100,367.14,1297383,1158.48,,19975,1295,500.1,1230,892.936317,227,4515.87
197,Aatmanirbhar Laghubitta Bittiya Sanstha Limited,,,,,,ANLB,685718,,100,68.57,347227,744.37,,11365,2876.8,1550,2725,2143.765308,229,1868.58
198,Asha Laghubitta Bittiya Sanstha Ltd,,,,,,ALBSL,6416160,,100,641.62,1841039,1541.63,,29328,1121,543,1026,837.368308,229,6582.98
199,Aviyan Laghubitta Bittiya Sanstha Limited,,,,,,AVYAN,2500000,,100,250,1969719,1531.49,,35322,1031,550,979,777.518863,229,2447.5
200,BPW Laghubitta Bittiya Sanstha Limited,,,,,,BPW,0,,100,0,150424,195.36,,5922,1718,840,100,1298.699445,146,0
201,Chhimek Laghubitta Bittiya Sanstha Limited,,,,,,CBBL,29771721,,100,2977.17,2568347,2285.59,,40370,1025,800,900,889.905893,229,26794.55
202,CYC Nepal Laghubitta Bittiya Sanstha Limited,,,,,,CYCL,2664244,,100,266.42,1709534,2337.07,,44727,1823,882,1549.9,1367.078321,229,4129.31
203,Deprosc Laghubitta Bittiya Sanstha Limited,,,,,,DDBL,17061971,,100,1706.2,2290127,1772.98,,26446,894,650,841,774.186008,229,14349.12
204,Dhaulagiri Laghubitta Bittiya Sanstha Limited,,,,,,DLBS,1331000,,100,133.1,731628,809.57,,17875,1544,579,1359.4,1106.535976,205,1809.36
205,First Micro Finance Laghubitta Bittiya Sanstha Limited,,,,,,FMDBL,12338270,,100,1233.83,6170471,4129.43,,42526,770,561.1,681,669.224387,229,8402.36
206,Forward Microfinance Laghubitta Bittiya Sanstha Limited,,,,,,FOWAD,10555639,,100,1055.56,1126642,1363.38,,20085,1535,974,1413,1210.123534,226,14915.12
207,Ganapati Laghubitta Bittiya Sanstha Limited,,,,,,GMFBS,1515546,,100,151.55,678967,925.78,,9473,2206.2,641,2205,1363.510899,226,3341.78
208,Global IME Laghubitta Bittiya Sanstha Ltd.,,,,,,GILB,6189002,,100,618.9,2458337,3051.67,,32727,1815,748,1365,1241.354232,229,8447.99
209,Grameen Bikas Laghubitta Bittiya Sanstha Ltd.,,,,,,GBLBS,9825000,,100,982.5,2565652,1774.74,,24898,861,438,811,691.732376,229,7968.07
210,Gurans Laghubitta Bittiya Sanstha Limited,,,,,,GLBSL,1014000,,100,101.4,642528,1060.39,,12503,2420,589.1,1821,1650.342564,226,1846.49
211,Himalayan Laghubitta Bittiya Sanstha Limited,,,,,,HLBSL,3198182,,100,319.82,3286743,3250.73,,28850,1446.2,519.1,1280,989.042152,229,4093.67
212,Infinity Laghubitta Bittiya Sanstha Limited,,,,,,ILBS,4974160,,100,497.42,1740710,1823.62,,23053,1492,537,1196,1047.629094,229,5949.1
213,Jalpa Samudayik Laghubitta Bittiya Sanstha Limited,,,,,,JALPA,1828000,,100,182.8,449591,590.44,,14666,1698.3,920,1442.1,1313.291536,226,2636.16
214,Janautthan Samudayic Laghubitta Bittya Sanstha Limited,,,,,,JSLBB,1700919,,100,170.09,384363,445.42,,8621,1529,785,1425.1,1158.864033,229,2423.98
215,Jeevan Bikas Laghubitta  Bittya Sanstha Ltd,,,,,,JBLB,13475189,,100,1347.52,1119267,1558.78,,36521,1697,1205,1465,1392.680178,229,19741.15
216,Kalika Laghubitta Bittiya Sanstha Ltd,,,,,,KMCDB,3723219,,100,372.32,1636519,1552.56,,19973,1285,526,1199.9,948.694102,229,4467.49
217,Khaptad Laghubitta Bittiya Sanstha Limited,,,,,,KLBS,0,,100,0,0,0,,0,836,836,100,0,0,0
218,Kisan Lagubitta Bittiya Sanstha Limited,,,,,,KLBSL,5043665,,100,504.37,400395,358.94,,6687,1113.1,642,1070,896.455902,222,5396.72
219,Laxmi Laghubitta Bittiya Sanstha Ltd.,,,,,,LLBS,4416621,,100,441.66,948378,955.85,,9326,1324,580,1224,1007.883043,227,5405.94
220,Mahila Lagubitta Bittiya Sanstha Limited ,,,,,,MLBSL,2175625,,100,217.56,251022,461.75,,9834,2243,1535,2035,1839.465859,228,4427.4
221,Mahuli Laghubitta Bittiya Sanstha Limited,,,,,,MSLB,3223787,,100,322.38,464447,534.6,,6475,1523.5,699.3,1351,1151.044131,226,4355.34
222,Manakamana Smart Laghubitta Bittiya Sanstha Limited,,,,,,MKLB,1484785,,100,148.48,700483,757.27,,14180,1836,526.2,1169,1081.064375,222,1735.71
223,Manushi Laghubitta Bittiya Sanstha Limited,,,,,,MLBS,1093750,,100,109.38,497593,564.87,,11690,1528.2,570.1,1400,1135.205297,228,1531.25
224,Mero Microfinance Bittiya Sanstha Ltd.,,,,,,MERO,13200000,,100,1320,2826174,1852.5,,23894,748,463.3,700,655.478584,229,9240
225,Mirmire Laghubitta Bittya Sanstha Limited,,,,,,MMFDB,0,,100,0,512803,298.59,,9041,758,481.3,100,582.270374,149,0
226,Mithila LaghuBitta Bittiya Sanstha Limited,,,,,,MLBBL,1960028,,100,196,867636,1017.95,,9209,1528.9,657,1379.1,1173.245473,228,2703.07
227,Nadep Laghubittiya bittya Sanstha Ltd.,,,,,,NADEP,4857600,,100,485.76,2019015,1450.48,,21980,921.7,455,870,718.408358,229,4226.11
228,National Laghubitta Bittiya Sanstha Limited,,,,,,NMFBS,11655218,,100,1165.52,917641,1082.03,,13358,1450,901,1409,1179.147528,206,16422.2
229,Naya Sarathi Laghubitta Bittiya Sanstha Limited,,,,,,NSLB,0,,100,0,0,0,,0,693.5,693.5,100,0,0,0
230,Nerude Mirmire Laghubitta Bittiya Sanstha Limited,,,,,,NMLBBL,13977643,,100,1397.76,1975695,1353.5,,19674,860.5,480,720.2,685.075657,188,10066.7
231,NESDO Sambridha Laghubitta Bittiya Sanstha Limited,,,,,,NESDO,2550000,,100,255,513706,967.89,,16199,2221.9,1418,2099,1884.136345,229,5352.45
232,NIC ASIA Laghubitta Bittiya Sanstha Limited,,,,,,NICLBSL,17394400,,100,1739.44,2984298,1938.3,,42977,780,520.3,705,649.500448,229,12263.05
233,Nirdhan Utthan Laghubitta Bittiya Sanstha Limited,,,,,,NUBL,26120798,,100,2612.08,2383322,1563.1,,20290,781,544.4,711.9,655.848822,229,18595.4
234,NMB  Microfinance Bittiya Sanstha Ltd.,,,,,,NMBMF,7214492,,100,721.45,1614454,1024.38,,16909,798,463.6,760,634.508542,228,5483.01
235,Rastra Utthan Laghubitta Sanstha Limited,,,,,,RULB,0,,100,0,0,0,,0,755,755,85000000,0,0,0
236,RMDC Laghubitta Bittiya Sanstha Ltd.,,,,,,RMDC,0,,100,0,0,0,,0,775,775,100,0,0,0
237,RSDC Laghubitta Bittiya Sanstha Ltd.,,,,,,RSDC,9443511,,100,944.35,3501085,2285.87,,30432,813.5,482,692,652.903766,229,6534.91
238,Sabaiko Laghubitta Bittiya Sanstha Limited,,,,,,SABSL,3186000,,100,318.6,813698,732.16,,12500,1173,522.6,1045,899.792927,226,3329.37
239,Sadhana Laghubitta Bittiya Sanstha Limited,,,,,,SDLBSL,3822584,,100,382.26,1361073,1336.98,,19682,1470.8,519.2,1067,982.295698,226,4078.7
240,Samaj Laghubittya Bittiya Sanstha Limited,,,,,,SAMAJ,228500,,100,22.85,196430,435.19,,8282,3519,64.8,2926,2215.484299,176,668.59
241,Samata Gharelu Laghubitta Bittiya Sanstha Limited,,,,,,SMATA,4155278,,100,415.53,1110606,973.53,,12970,1080,558,981,876.578427,229,4076.33
242,Samudayik Laghubitta Bittiya Sanstha Limited,,,,,,SLBSL,1708050,,100,170.81,243605,262.43,,5344,1423.4,578.2,1286,1077.25853,182,2196.55
243,Sana Kisan Bikas Laghubitta Bittiya Sanstha Limited,,,,,,SKBBL,38063739,,100,3806.37,2849217,2471.7,,33599,1025,790,853.7,867.500044,214,32495.01
244,Shrijanshil Laghubitta Bittiya Sanstha Limited,,,,,,SHLB,1093750,,100,109.38,599342,844.19,,15971,2060,777,1963.2,1408.521531,229,2147.25
245,Summit Laghubitta Bittiya Sanstha Limited,,,,,,SMFDB,0,,100,0,0,0,,0,967,967,100,0,0,0
246,Support Microfinance Bittiya Sanstha Ltd.,,,,,,SMB,1076189,,100,107.62,208051,291.06,,5277,1960,827,1860,1399.00632,224,2001.71
247,Suryodaya Womi Laghubitta Bittiya Sanstha Limited,,,,,,SWMF,9107826,,100,910.78,1491662,1167.75,,16118,979,541,945,782.852357,229,8606.9
248,Swabalamban Laghubitta Bittiya Sanstha Limited,,,,,,SWBBL,14500000,,100,1450,3002819,2469.3,,18331,980,653.7,940,822.328885,229,13630
249,Swabhimaan Laghubitta Bittiya Sanstha Limited,,,,,,SMFBS,1461386,,100,146.14,272105,321.11,,5760,1712.2,717.4,1599,1180.079997,220,2336.76
250,Swarojgar Laghubitta Bittiya Sanstha Ltd.,,,,,,SLBBL,6711052,,100,671.11,2412102,1755.68,,20255,909,541,851,727.864231,228,5711.11
251,Unique Nepal Laghubitta Bittiya Sanstha Limited,,,,,,UNLB,1485750,,100,148.57,522351,792.72,,19201,2299,922,2176,1517.601011,228,3232.99
252,Unnati Sahakarya Laghubitta Bittiya Sanstha Limited,,,,,,USLB,2468660,,100,246.87,1125674,1834.92,,23608,2363.3,591.1,1750,1630.067187,223,4320.15
253,Upakar Laghubitta Bittiya Sanstha Limited,,,,,,ULBSL,1061482,,100,106.15,361720,563.96,,9372,2217,944.8,1985.3,1559.118547,229,2107.36
254,Vijaya laghubitta Bittiya Sanstha Ltd.,,,,,,VLBS,7450404,,100,745.04,1749495,1512.53,,16540,1110,546.1,1040,864.554178,214,7748.42
255,Wean Nepal Laghubitta Bittiya Sanstha Limited,,,,,,WNLB,792113,,100,79.21,318421,399.82,,9101,1679,680,1521,1255.633449,225,1204.8
TOTAL,,,,,,,,358624061,,,35862.41,77181736,70536.38,,1039292,,,,,,360361.8900000001
,,,,,,,,,,,,,,,,,,,,,
,,,,,,,,,,,,,,,,,,,,,
Non Life Insurance,,,,,,,,,,,,,,,,,,,,,
S.N.,SECURITY NAME,,,,,,SYMBOL,LISTED UNITS,,FACE VALUE,PAID UP CAPITAL     (Rs. in million),TOTAL TRADED QUANTITY,TOTAL TRADED VALUE (Rs. in million),,TOTAL TRADES,HIGH PRICE,LOW PRICE,CLOSE PRICE,AVERAGE PRICE,NO. OF TRADING DAYS,MARKET CAPITALIZATION          (Rs. in million)
256,Himalayan Everest Insurance Limited,,,,,,HEI,25001574,,100,2500.16,6517076,3931.39,,33542,705,459.7,632,603.244906,229,15800.99
257,IGI Prudential insurance Limited,,,,,,IGI,30293347,,100,3029.33,9840471,5369.06,,47718,601,433.2,558,545.61004,229,16903.69
258,Neco Insurance Limited,,,,,,NIL,20123607,,100,2012.36,2067502,1713.99,,19862,922,750,836,829.016478,228,16823.34
259,Nepal Insurance Co. Ltd.,,,,,,NICL,16442420,,100,1644.24,5948391,5104.16,,40024,1023,695,880,858.074028,229,14469.33
260,NLG Insurance Company Ltd.,,,,,,NLG,15395361,,100,1539.54,2415283,1943.42,,15700,930,661.5,794.9,804.633234,229,12237.77
261,Prabhu Insurance Ltd.,,,,,,PRIN,14414881,,100,1441.49,3820630,3035.76,,20595,897,618,826,794.57109,228,11906.69
262,Rastriya Beema Company Limited,,,,,,RBCL,2666365,,100,266.64,70693,1000.89,,5238,16524,12800,13490,14158.205105,229,35969.26
263,Sagarmatha Lumbini Insurance Co. Limited,,,,,,SALICO,26226382,,100,2622.64,2581127,1812.21,,17038,790,602,727,702.099476,229,19066.58
264,Sanima GIC Insurance Limited,,,,,,SGIC,20000000,,100,2000,11228473,5982.21,,77724,680,417,577,532.771176,229,11540
265,Shikhar Insurance Co. Ltd.,,,,,,SICL,26549472,,100,2654.95,2428478,1797.12,,28058,889,669.4,723,740.017697,229,19195.27
266,Siddhartha Premier Insurance Limited,,,,,,SPIL,28065499,,100,2806.55,4598306,3548.13,,29575,881.2,671,859.9,771.617316,229,24133.52
267,United Ajod Insurance Limited,,,,,,UAIL,21000000,,100,2100,6526189,3844.18,,38428,696,470.5,598.5,589.038611,229,12568.5
TOTAL,,,,,,,,246178908,,,24617.9,58042619,39082.52,,373502,,,,,,210614.94
,,,,,,,,,,,,,,,,,,,,,
,,,,,,,,,,,,,,,,,,,,,
Others,,,,,,,,,,,,,,,,,,,,,
S.N.,SECURITY NAME,,,,,,SYMBOL,LISTED UNITS,,FACE VALUE,PAID UP CAPITAL     (Rs. in million),TOTAL TRADED QUANTITY,TOTAL TRADED VALUE (Rs. in million),,TOTAL TRADES,HIGH PRICE,LOW PRICE,CLOSE PRICE,AVERAGE PRICE,NO. OF TRADING DAYS,MARKET CAPITALIZATION          (Rs. in million)
268,Himalayan Reinsurance Limited,,,,,,HRL,104000000,,100,10400,28827842,18217.15,,747921,731,309.2,580,631.929112,124,60320
269,Muktinath Krishi Company Limited,,,,,,MKCL,7000000,,100,700,2576993,2770.22,,84611,1500,178.8,1390,1074.982837,138,9730
270,Nepal Doorsanchar Company Limited,,,,,,NTC,180000000,,100,18000,5488570,4789.44,,69014,1000,800,845,872.62151,229,152100
271,Nepal Film Development Company Limited,,,,,,NFD,491285,,100,49.13,0,0,,0,34,34,34,0,0,16.7
272,Nepal Reinsurance Company Limited,,,,,,NRIC,134221871,,100,13422.19,8901781,6430.2,,76945,856,585,698,722.349806,229,93686.87
273,Nepal Republic Media Limited,,,,,,NRM,9675000,,100,967.5,13730353,5054.22,,227739,492.5,205.9,437.4,368.105573,215,4231.85
274,Nepal Warehousing Company Limited ,,,,,,NWCL,6875000,,100,687.5,2707646,2233.93,,76367,996,208.8,898,825.044291,133,6173.75
TOTAL,,,,,,,,442263156,,,44226.32,62233185,39495.16,,1282597,,,,,,326259.17
,,,,,,,,,,,,,,,,,,,,,
,,,,,,,,,,,,,,,,,,,,,
Promotor Share,,,,,,,,,,,,,,,,,,,,,
S.N.,SECURITY NAME,,,,,,SYMBOL,LISTED UNITS,,FACE VALUE,PAID UP CAPITAL     (Rs. in million),TOTAL TRADED QUANTITY,TOTAL TRADED VALUE (Rs. in million),,TOTAL TRADES,HIGH PRICE,LOW PRICE,CLOSE PRICE,AVERAGE PRICE,NO. OF TRADING DAYS,MARKET CAPITALIZATION          (Rs. in million)
275,Aarambha Chautari Laghubitta Bittiya Sanstha Limited Promoter Share,,,,,,ACLBSLP,0,,100,,8359,2.01,,1,240.1,240,240.1,240.1,1,0
276,Asha Laghubitta Bittiya Sanstha Ltd Promoter Share,,,,,,ALBSLP,3339140,,100,333.91,593514,206.21,,11,542,542,542,347.436645,3,0
277,Asian Life Insurance Co. Ltd Promoter Share,,,,,,ALICLP,100000,,100,10,435125,148.04,,9,382,308,312,340.219585,6,0
278,Central Finance Co. Ltd. Promoter Share,,,,,,CFCLPO,1500000,,100,150,9000,1.51,,1,168,168,168,168,1,0
279,Citizen Investment Trust Promoter Share,,,,,,CITPO,53137504,,100,5313.75,25000,17.93,,1,0,100,100,717,1,0
280,Citizens Bank Internatioal Limited Promoter Share,,,,,,CZBILP,10000,,100,1,829722,101.65,,12,102,100,102,122.506607,11,0
281,Excel Development Bank Ltd. Promoter Share,,,,,,EDBLPO,100000,,100,10,16275,3.25,,7,172,172,172,200,1,0
282,First Micro Finance Laghubitta Bittiya Sanstha Limited Promoter Share,,,,,,FMDBLP,2300000,,100,230,174400,53.7,,6,370,292,370,307.93922,3,0
283,Forward Microfinance Laghubitta Bittiya Sanstha Limited Promoter,,,,,,FOWADP,1500245,,100,150.02,138000,60.34,,18,1199,250,300,437.282608,2,0
284,Garima Bikas Bank Limited Promoter Share,,,,,,GBBLPO,100000,,100,10,318976,65.54,,31,206,198,205,205.458341,9,0
285,Global IME Bank Ltd. Promoter Share,,,,,,GBIMEP,100000,,100,10,8644562,865.4,,113,105,100,100,100.109267,37,0
286,Green Development Bank Ltd. Promoter Share,,,,,,GRDBLP,1000000,,100,100,15530,3.79,,3,277,153,277,243.915003,2,0
287,Gurkhas Finance  Ltd. Promoter Share,,,,,,GUFLPO,198000,,100,19.8,56587,20.21,,2,432,289,355,357.159488,2,0
288,Himalayan Bank Ltd. Promoter,,,,,,HBLPO,90817407,,100,9081.74,4389428,591.97,,79,300,123.2,125,134.86171,20,0
289,Himalayan Everest Insurance Limited Promoter,,,,,,HEIP,2675044,,100,267.5,684059,277.17,,1692,486.9,323.1,349,405.180514,186,0
290,Himalayan Life Insurance Limited Promoter Share,,,,,,HLIPO,4881600,,100,488.16,574464,125.78,,12,241,237,237,218.955086,6,0
291,Hydorelectricity Investment and Development Company Limited Promoter,,,,,,HIDCLP,100000,,100,10,12928830,1329.97,,17616,118,96.6,103,102.868659,229,0
292,ICFC Finance Limited Promotor Share,,,,,,ICFCPO,2223340,,100,222.33,10102,2.63,,4,260,219,260,260,2,0
293,IGI Prudential insurance Limited Promoter Share,,,,,,IGIPO,1000000,,100,100,3208,1.01,,4,310,310,310,316.269014,2,0
294,Infinity Laghubitta Bittiya Sanstha Limited Promoter Share,,,,,,ILBSP,0,,100,,160624,59.35,,18,380,361,365,369.49152,12,0
295,Janaki Finance Limited Promoter Share,,,,,,JFLPO,240000,,100,24,108000,24.12,,4,305,198,305,223.305555,4,0
296,Janautthan Samudayic Laghubitta Bikas Bank Ltd. Promoter Share,,,,,,JSLBBP,200000,,100,20,3500,1.91,,3,546,546,546,546,1,0
297,Jyoti Bikash  Bank Ltd. Promoter Share,,,,,,JBBLPO,100000,,100,10,1164066,174.25,,31,155,144,144,149.693894,18,0
298,Kalika Laghubitta Bittiya Sanstha Ltd Promoter Share,,,,,,KMCDBP,500000,,100,50,14700,4.96,,3,342,335.2,336,337.681632,3,0
299,Kamana Sewa Bikas Bank Limited Promoter Share,,,,,,KSBBLP,2300000,,100,230,986117,139.14,,10,204,156,196,141.098801,8,0
300,Kisan Lagubitta Bittiya Sanstha Limited Promoter Share,,,,,,KLBSLP,200000,,100,20,27613,14.58,,12,545,384,545,528.167529,5,0
301,Kumari Bank Limited Promotor Share,,,,,,KBLPO,5250000,,100,525,6907116,754.93,,110,113,104,104,109.296786,50,0
302,Laxmi Sunrise Bank Limited Promoter Share,,,,,,LSLPO,4717008,,100,471.7,2062436,206.24,,6,100,100,100,100,4,0
303,Lumbini Bikas Bank Ltd. Promoter Share,,,,,,LBBLPO,6800000,,100,680,146748,31.7,,2,216,182,216,216,1,0
304,MachhaPuchhre  Bank Limited Promotor Share,,,,,,MBLPO,5751559,,100,575.16,10858821,1228.17,,14,133.5,113,113,113.103162,4,0
305,Mahalxmi Bikas Bank Ltd. Promotor Share,,,,,,MLBLPO,100000,,100,10,730456,118.77,,18,171.3,155.1,155.1,162.592271,7,0
306,Mahuli Laghubitta Bittiya Sanstha Limited Promoter,,,,,,MSLBP,1154804,,100,115.48,8931,3.43,,6,584,388,758,384.356063,4,0
307,Manjushree Finance Ltd. Promoter Share,,,,,,MFILPO,2506500,,100,250.65,161020,43.86,,4,285,217,267.6,272.384554,4,0
308,Mirmire Laghubitta Bittya Sanstha Limited Promoter,,,,,,MMFDBP,0,,100,0,31619,9.48,,9,359,278,100,299.774882,5,0
309,Miteri Development Bank Ltd. Promoter Share,,,,,,MDBPO,10000,,100,1,81487,21.09,,3,311,196,311,258.77081,3,0
310,Muktinath Bikas Bank Ltd. Promoter Share,,,,,,MNBBLP,2000000,,100,200,737088,152.74,,14,209,200,200,207.214574,9,0
311,Multipurpose Finance Company  Limited Promoter Share,,,,,,MPFLPO,250000,,100,25,96113,17.33,,6,202,150,202,180.29767,2,0
312,NABIL Bank Limited Promotor Share,,,,,,NABILP,10571415,,100,1057.14,450000,135.8,,3,312,307.2,307.2,301.777777,3,0
313,Nadep Laghubitta Bittiya Sanstha Ltd. Promoter Share,,,,,,NADEPP,1600000,,100,160,6578,1.91,,3,291,291,291,291,1,0
314,National Laghubitta Bittiya Sanstha Limited Promoter,,,,,,NMFBSP,1000000,,100,100,12300,8.33,,2,745,631,745,677.341463,2,0
315,Neco Insurace Co. Ltd. Promoter,,,,,,NILPO,1352216,,100,135.22,1000,0.44,,1,436,407,436,436,1,0
316,Nepal Infrastructure Bank Limited Promoter,,,,,,NIFRAP,216000000,,100,21600,626400,69.53,,10,111,111,111,111,5,0
317,Nepal Insurance Co. Ltd Promoter Share,,,,,,NICLPO,2872093,,100,287.21,2337579,701.27,,14,423,300,300,300,2,0
318,Nepal Investment Mega Bank Ltd. Promoter Share,,,,,,NIMBPO,183075408,,100,18307.54,4073539,586.1,,2878,176.6,122.8,138.9,143.878842,221,0
319,Nepal Life Insurance Co. Ltd. Promoter,,,,,,NLICP,100000,,100,10,100000,36.1,,2,361,361,361,361,1,0
320,Nepal Reinsurance Company Limited Promoter Share,,,,,,NRICP,128135438,,100,12813.54,13719728,3877.71,,141,281,100,281,282.637533,8,0
321,Nerude Mirmire Laghubitta Bittiya Sanstha Limited Promoter,,,,,,NMLBBLP,1250003,,100,125,106663,17.36,,2,401,401,401,162.748235,2,0
322,NIC Asia Bank Limted Promoter Share,,,,,,NICAP,5148000,,100,514.8,9000,3.06,,4,331.3,331.3,331.3,339.833333,2,0
323,NMB Bank Limited Promoter Share,,,,,,NMBPO,8579999,,100,858,377858,44.55,,21,128,113,113,117.896887,8,0
324,Prabhu  Bank Limited Promoter Share,,,,,,PRVUPO,1000000,,100,100,5062289,533,,49,115,100,100,105.289294,36,0
325,Prabhu Mahalaxmi Life Insurance Limited promotor,,,,,,PMLIP,42960000,,100,4296,469375,129.83,,13,296,275.4,275.4,276.593655,10,0
326,Prime Commercial Bank Promoter Share,,,,,,PCBLP,400000,,100,40,4653971,617.55,,61,147,125,125,132.692101,27,0
327,Progressive Finance Limited Promoter Share,,,,,,PROFLP,180000,,100,18,244073,43.78,,79,235,119,142.2,179.354042,12,0
328,Rastriya Beema Company Limited Promoter Share,,,,,,RBCLPO,1776296,,100,177.63,62177,744.73,,2409,15909.9,10001,10095,11977.613603,215,0
329,Reliance Finance Ltd. Promoter Share,,,,,,RLFLPO,2000000,,100,200,30088,6.14,,2,204,204,204,204,2,0
330,RSDC Laghubitta Bittiya Sanstha Ltd. Promoter Share,,,,,,RSDCP,1000000,,100,100,5434,1.68,,6,310,259,310,310,3,0
331,Sadhana Laghubitta Bittiya Sanstha Limited Promoter Shares,,,,,,SDLBSLP,0,,100,,134810,45.55,,26,338,327,327,337.856798,5,0
332,Sagarmatha Lumbini Insurance Co. Limited Promoter Share,,,,,,SALICOPO,100000,,100,10,245090,66.76,,23,394,270,270,272.385393,7,0
333,Samata Gharelu Laghubitta Bittiya Sanstha Limited Promoter,,,,,,SMATAP,316000,,100,31.6,55069,19.82,,3,366,332,347.18,359.825927,2,0
334,Sana Kisan Bikas Laghubitta Bittiya Sanstha Limited Promoter,,,,,,SKBBLP,2300000,,100,230,636325,218.35,,492,100,100,100,343.145972,8,0
335,Sanima Bank Ltd. Promoter Share,,,,,,SNMAPO,5376000,,100,537.6,1160585,172.51,,4,150,145,145,148.642064,4,0
336,Saptakoshi Development Bank Ltd Promoter Share,,,,,,SAPDBLP,5542510,,100,554.25,155697,21.08,,17,195,129,195,135.413726,5,0
337,Shangrila Development Bank Ltd. Promoter Share,,,,,,SADBLP,7359999,,100,736,524866,90.37,,19,173,157,170,172.182978,13,0
338,Shine Resunga Development Bank Ltd. Promoter Share,,,,,,SHINEP,6333300,,100,633.33,471244,77.73,,10,210,181.3,210,164.942956,9,0
339,Shree Investment & Finance Co. Ltd. Promoter Share,,,,,,SIFCPO,1000000,,100,100,23065,5.26,,1,228,172,228,228,1,0
340,Siddhartha Bank Limited Promoter Share,,,,,,SBLPO,3000000,,100,300,1393168,194.27,,9,148,135,137.7,139.446699,9,0
341,Siddhartha Premier Insurance Limited Promoter Share,,,,,,SPILPO,5480256,,100,548.03,769466,163.79,,17,426,426,426,212.860498,5,0
342,Sindhu Bikas Bank Ltd. Promoter Share,,,,,,SINDUP,1075000,,100,107.5,32000,5.48,,3,188,143,188,171.125,3,0
343,SuryaJyoti Life Insurance Company Limited Promoter,,,,,,SJLICP,900000,,100,90,520,0.2,,3,318.34,318.34,318.34,390.76923,1,0
344,Suryodaya Womi Laghubitta Bittiya Sanstha Limited Promoter,,,,,,SWMFPO,7919848,,100,791.98,275931,86.9,,73,342,251.1,251.1,314.921636,17,0
345,Swabalamban Laghubitta Bittiya Sanstha Limited Promoter Share,,,,,,SWBBLP,175000,,100,17.5,936,0.66,,4,782,782,782,700,1,0
346,Swarojgar Laghubitta Bittiya Sanstha Ltd. Promoter Share,,,,,,SLBBLP,536800,,100,53.68,46030,18.87,,12,410,303,410,410,6,0
347,United Ajod Insurance Limited Promoter Share,,,,,,UAILPO,1500000,,100,150,16593,5.09,,6,307,307,307,307,3,0
348,Unnati Sahakarya Laghubitta Bittiya Sanstha Limited Promoter Share,,,,,,USLBP,550000,,100,55,26301,9.21,,1,0,100,100,350,1,0
349,Vijaya laghubitta Bittiya Sanstha Ltd. Promoter Share,,,,,,VLBSPO,1400000,,100,140,38851,12.7,,4,327,327,327,327,4,0
TOTAL,,,,,,,,857027732,,,85702.75,92496195,15657.63,,26322,,,,,,0
,,,,,,,,,,,,,,,,,,,,,
,,,,,,,,,,,,,,,,,,,,,
Tradings,,,,,,,,,,,,,,,,,,,,,
S.N.,SECURITY NAME,,,,,,SYMBOL,LISTED UNITS,,FACE VALUE,PAID UP CAPITAL     (Rs. in million),TOTAL TRADED QUANTITY,TOTAL TRADED VALUE (Rs. in million),,TOTAL TRADES,HIGH PRICE,LOW PRICE,CLOSE PRICE,AVERAGE PRICE,NO. OF TRADING DAYS,MARKET CAPITALIZATION          (Rs. in million)
350,Bishal Bazar Company Limited,,,,,,BBC,491400,,100,49.14,103554,405.27,,5477,4539,3380,4087,3913.630641,226,2008.35
351,Nepal Tading Limited,,,,,,NTL,50000,,50,2.5,0,0,,0,56,56,56,0,0,2.8
352,Nepal Welfare Company Limited,,,,,,NWC,41000,,50,2.05,0,0,,0,95,95,95,0,0,3.9
353,Salt Trading Corporation,,,,,,STC,3207171,,100,320.72,694214,3557.04,,20300,5900,4210,4905,5123.841846,229,15731.17
TOTAL,,,,,,,,3789571,,,374.41,797768,3962.31,,25777,,,,,,17746.22
,,,,,,,,,,,,,,,,,,,,,
,,,,,,,,,,,,,,,,,,,,,
Mutual Funds,,,,,,,,,,,,,,,,,,,,,
S.N.,SECURITY NAME,,,,,,SYMBOL,LISTED UNITS,,FACE VALUE,PAID UP CAPITAL     (Rs. in million),TOTAL TRADED QUANTITY,TOTAL TRADED VALUE (Rs. in million),,TOTAL TRADES,HIGH PRICE,LOW PRICE,CLOSE PRICE,AVERAGE PRICE,NO. OF TRADING DAYS,MARKET CAPITALIZATION          (Rs. in million)
354,Citizens Mutual Fund -1,,,,,,CMF1,82000000,,10,820,7117126,59.87,,1435,9.83,7.35,9.64,8.412632,218,0
355,CITIZENS MUTUAL FUND 2,,,,,,CMF2,56000000,,10,560,2747366,22.71,,1279,10.39,6.81,10.32,8.267457,214,0
356,Citizens Super 30 Mutual Fund,,,,,,C30MF,75072390,,10,750.72,1138991,9.78,,1150,10.05,7.61,10,8.583092,197,0
357,Global IME Balanced Fund-1,,,,,,GIBF1,102576360,,10,1025.76,4804921,39.88,,3483,9.58,7.2,9.1,8.300841,226,0
358,Himalayan 80-20,,,,,,H8020,10000000,,10,100,1368092,12.23,,1838,10.1,8.3,9.99,8.937669,119,0
359,Kumari Dhanabriddhi Yojana,,,,,,KDBY,4000000,,10,40,5956595,51.77,,7623,9.99,7.24,9.67,8.690597,227,0
360,Kumari Equity Fund,,,,,,KEF,100000000,,10,1000,4741129,40.24,,4623,10.35,6.91,9.66,8.487675,226,0
361,Kumari Sabal Yojana,,,,,,KSY,74475070,,10,744.75,157077,1.36,,500,10.04,7.77,10,8.657363,48,0
362,Laxmi Equity Fund,,,,,,LEMF,0,,10,0,7575944,69.83,,1252,9.9,7.92,10,9.217783,186,0
363,Laxmi Unnati Kosh,,,,,,LUK,65262360,,10,652.62,7719759,66.48,,1911,9.61,7.49,9,8.612192,216,0
364,Laxmi Value Fund 2,,,,,,LVF2,80000000,,10,800,545715,4.41,,2420,10,7.09,9.24,8.081874,178,0
365,Mega Mutual Fund -1,,,,,,MMF1,125000000,,10,1250,6606493,48.36,,7728,8.29,6.53,7.72,7.31935,228,0
366,NABIL BALANCED FUND-2,,,,,,NBF2,112000000,,10,1120,6440600,55.58,,2351,9.55,7.03,9,8.630217,226,0
367,Nabil Balanced Fund-3,,,,,,NBF3,125000000,,10,1250,8663180,64.3,,7360,8,6.74,7.8,7.422561,228,0
368,Nabil Equity Fund,,,,,,NEF,0,,10,0,2438095,23.76,,808,10.24,9,10,9.746555,66,0
369,NIBL Growth Fund,,,,,,NIBLGF,132000000,,10,1320,7424892,59.51,,3010,10.64,7.2,10.64,8.01507,221,0
370,NIBL Pragati Fund,,,,,,NIBLPF,0,,10,0,3895311,35.62,,966,9.7,8.1,10,9.143282,104,0
371,NIBL Samriddhi Fund -2,,,,,,NIBSF2,150000000,,10,1500,4595098,34.16,,3731,8.93,6.6,8.25,7.43366,228,0
372,NIBL Stable Fund,,,,,,NIBLSTF,113000000,,10,1130,178706,1.58,,491,10.55,7.95,10,8.844088,30,0
373,NIC Asia Balanced Fund,,,,,,NICBF,75500000,,10,755,8269082,74.39,,1236,9.69,7.71,9.6,8.995584,209,0
374,NIC Asia Flexi CAP Fund,,,,,,NICFC,10200000,,10,102,3110137,26.86,,5190,10.17,7.52,9.25,8.635916,226,0
375,NIC Asia Growth Fund,,,,,,NICGF,83520000,,10,835.2,5250245,50.89,,1681,10.62,8.3,9.9,9.692047,220,0
376,NIC ASIA Growth Fund-2,,,,,,NICGF2,90500000,,10,905,519816,4.19,,2083,10,7.32,8.2,8.06109,100,0
377,NIC Asia Select Fund 30,,,,,,NICSF,125000000,,10,1250,7109832,63.52,,4024,10.39,7.65,9.6,8.933427,226,0
378,NMB 50,,,,,,NMB50,125000000,,10,1250,10267377,102.59,,1894,11.5,8.71,10.04,9.99217,214,0
379,NMB Hybrid Fund L-1,,,,,,NMBHF1,0,,10,0,2774068,29.8,,718,11.57,9.45,10,10.74356,57,0
380,NMB Sulav Investment Fund - 2,,,,,,NSIF2,122100000,,10,1221,7782045,73.28,,2673,10.44,8.35,10.06,9.416552,229,0
381,Prabhu Select Fund,,,,,,PSF,125000000,,10,1250,11365092,99.49,,5188,9.87,7.15,9.79,8.753999,228,0
382,Prabhu Smart Fund,,,,,,PRSF,100000000,,10,1000,5829168,49.52,,1958,9.9,7.45,9.61,8.494494,217,0
383,RBB Mutual Fund 1,,,,,,RMF1,125000000,,10,1250,5568533,43.94,,2906,8.55,6.82,8.16,7.890662,228,0
384,RBB Mutual Fund 2,,,,,,RMF2,84611929,,10,846.12,832092,7,,1033,10.64,7.23,9.5,8.410916,194,0
385,Sanima Equity Fund,,,,,,SAEF,130000000,,10,1300,17537522,182.69,,3499,12.3,8.85,10.91,10.416963,227,0
386,Sanima Growth Fund,,,,,,SAGF,67253260,,10,672.53,1283970,11.3,,2264,10.34,7.31,10.14,8.799729,225,0
387,Sanima Large Cap Fund,,,,,,SLCF,120000000,,10,1200,3739990,29.28,,2852,9.29,6.87,9.29,7.828592,226,0
388,Siddhartha Equity Fund,,,,,,SEF,150000000,,10,1500,9601838,78.84,,1887,9.3,7.16,8.39,8.211052,215,0
389,Siddhartha Equity Orineted Scheme,,,,,,SEOS,100000000,,10,1000,0,0,,0,10.85,10.85,10.85,0,0,0
390,Siddhartha Investment Growth Scheme - 2,,,,,,SIGS2,120000000,,10,1200,9341018,78.21,,1465,9.6,6.92,9.49,8.372821,205,0
391,Siddhartha Investment Growth Scheme 3,,,,,,SIGS3,80580000,,10,805.8,954860,8.42,,871,10,7.86,9.45,8.818658,88,0
392,Sunrise Bluechip Fund,,,,,,SBCF,125000000,,10,1250,5811970,46.23,,2892,8.67,7.13,8.27,7.953493,226,0
393,Sunrise First Mutual Fund,,,,,,SFMF,86000000,,10,860,8509898,89.59,,1823,11.67,8.8,10.35,10.527318,218,0
394,Sunrise Focused Equity Fund,,,,,,SFEF,100000000,,10,1000,2979179,24.57,,1729,9.68,7.41,8.24,8.247582,224,0
TOTAL,,,,,,,,3551651369,,,35516.5,212552822,1876.03,,103825,,,,,,0
,,,,,,,,,,,,,,,,,,,,,
,,,,,,,,,,,,,,,,,,,,,
Debentures,,,,,,,,,,,,,,,,,,,,,
S.N.,SECURITY NAME,,,,,,SYMBOL,LISTED UNITS,,FACE VALUE,PAID UP CAPITAL     (Rs. in million),TOTAL TRADED QUANTITY,TOTAL TRADED VALUE (Rs. in million),,TOTAL TRADES,HIGH PRICE,LOW PRICE,CLOSE PRICE,AVERAGE PRICE,NO. OF TRADING DAYS,MARKET CAPITALIZATION          (Rs. in million)
395,10 % NMB DEBENTURE 2085,,,,,,NMBD2085,0,,1000,,7471,7.65,,48,1076,943,1045.1,1023.964676,34,0
396,10% Citizens Bank Debenture 2090,,,,,,CIZBD90,0,,1000,,3711,3.84,,144,1088,1000,1058,1034.929479,34,0
397,10% Himalayan Bank Debenture 2083,,,,,,HBLD83,0,,1000,,44082,44.16,,69,1090,971,1080,1001.693639,42,0
398,10% Laxmi Bank Debenture 2086,,,,,,LBLD86,0,,1000,,41086,41.7,,33,1090,954,1048.5,1014.915153,23,0
399,10% Nabil Debenture 2082,,,,,,NBLD82,0,,1000,,2532,2.59,,51,1090,965,1051,1023.283017,36,0
400,10% Nepal SBI Bank Debenture 2086,,,,,,SBIBD86,0,,1000,,19373,19.13,,77,1073.1,883.5,1052,987.531187,47,0
401,10% NIC Asia Debenture 2085/86,,,,,,NICAD85/86,2404688,,1000,2404.69,4892,5.05,,110,1100,1000,1005,1032.921402,33,0
402,10% NIMB Debenture 2090,,,,,,NIMBD90,0,,1000,,60921,64.81,,185,1140,999.6,1140,1063.771495,55,0
403,10% Prabhu Bank Debenture 2084 ,,,,,,PBLD84,0,,1000,,82362,82.53,,265,1122,931.2,1122,1002.068335,88,0
404,10% Prime Debenture 2088,,,,,,PBD88,0,,1000,,76275,74.57,,896,1105,863,1105,977.606417,203,0
405,10% Sanima Bank Limited Debenture,,,,,,SAND2085,2000000,,1000,2000,35784,35.64,,67,1256.6,1030.1,1256.6,996.009725,19,0
406,10% Sunrise Debenture 2080,,,,,,SRD80,0,,1000,0,6767,6.89,,52,1049,965.3,1000,1018.267666,32,0
407,10.15% Prime Debenture 2084,,,,,,PBD84,0,,1000,,1160,1.23,,49,1105,1000,1041,1057.825862,11,0
408,10.25% Citizens Bank Debenture 2086,,,,,,CIZBD86,0,,1000,,27975,28.5,,53,1075,950,1060,1018.750616,34,0
409,10.25% GLOBAL IME BANK LTD. DEBENTURE 2080/81,,,,,,GBD80/81,0,,1000,0,7780,7.87,,159,1058,973.6,1000,1011.278264,64,0
410,10.25% KBL Debenture 2086,,,,,,KBLD86,0,,1000,,13221,13.8,,91,1151,974,1151,1043.480235,45,0
411,10.25% Machhapuchhre Bank Debenture 2085,,,,,,MBLD2085,0,,1000,,72194,71.74,,63,1206.8,975.1,1206.8,993.674754,36,0
412,10.25% NBBL Debenture 2085,,,,,,NBBD2085,0,,1000,,55030,55.19,,13,1252.1,1191,1230,1002.86033,8,0
413,10.25% Nepal SBI Bank Debenture 2083,,,,,,SBID83,0,,1000,,35326,35.78,,505,1133,900,1096,1012.897619,140,0
414,10.25% NIC Asia Debenture 2083/84,,,,,,NICD83/84,0,,1000,,895,0.92,,34,1120,1000,1120,1032.054189,23,0
415,10.25% Prabhu Bank  Debenture 2086,,,,,,PBLD86,0,,1000,,19987,21.11,,85,1100,915.3,1070,1055.937709,31,0
416,10.25% Sanima Debenture 2089,,,,,,SBD89,0,,1000,,410,0.44,,19,1120,1000,1058.5,1065.893902,7,0
417,10.25% SBL Debenture 2083,,,,,,SBLD83,0,,1000,,1567,1.69,,41,1221.9,995,1243,1080.898851,20,0
418,10.25% Sunrise Bank Debenture 2083,,,,,,SRBLD83,0,,1000,,31233,32.12,,115,1101,938,1101,1028.49917,43,0
419,10.30% Standard Chartered Bank Limited Debenture,,,,,,SCBD,0,,1000,,1865,1.98,,64,1150,1000,1150,1059.967426,27,0
420,10.35% Agricultural Bank Debenture 2083,,,,,,ADBLD83,0,,1000,,54490,56.06,,423,1144,941,1137.9,1028.89583,124,0
421,10.5 % NEPAL INVESTMENT DEBENTURE 2082,,,,,,NIBD2082,0,,1000,,10378,10.86,,177,1150,952.5,1150,1046.397542,72,0
422,10.50% Everest Bank Limited Debenture 2085,,,,,,EBLD85,0,,1000,,20934,21.79,,367,1141,976.1,1100,1040.97063,107,0
423,10.50% SBL Debenture 2082,,,,,,SBLD2082,0,,1000,,29874,30.79,,109,1259.5,996,1234.4,1030.727308,53,0
424,10.75% SBL Debenture 2089,,,,,,SBLD89,0,,1000,,8333,8.81,,110,1155,1000,1100,1057.388275,36,0
425,11% KBL Debenture 2089,,,,,,KBLD89,0,,1000,,8275,8.62,,176,1267.8,1000,1267.8,1041.967419,58,0
426,11% L.B.B.L. Debenture 2089,,,,,,LBBLD89,0,,1000,,7045,7.74,,127,1225.5,1000,1225.5,1098.882398,36,0
427,11% Mahalaxmi Debenture 2089,,,,,,MLBLD89,0,,1000,,2165,2.43,,44,1145.4,1000,1125,1120.196997,22,0
428,11% NIC Asia Debenture 082/83,,,,,,NICAD8283,0,,1000,,54031,56.69,,353,1262.7,992,1188.6,1049.275702,112,0
429,12 % Goodwill Finance Limited Debenture 2083,,,,,,GWFD83,0,,1000,,30259,33.81,,319,1275,1010,1226,1117.508447,120,0
430,12% ICFC Finance Limited Debenture 2083,,,,,,ICFCD83,0,,1000,,24516,27.71,,249,1300.5,1017,1300.5,1130.265128,94,0
431,8.5% BOK Debenture 2086,,,,,,BOKD86,1600000,,1000,1600,11336,10.42,,281,1020,772,1020,918.85112,130,0
432,8.5% Laxmi Bank Debenture 2088,,,,,,LBLD88,0,,1000,,2983,2.81,,84,1019,767,1019,941.904123,50,0
433,8.5% Machhapuchchhre Debenture 2087,,,,,,MBLD87,0,,1000,,4056,3.9,,109,1005.7,895,1003,961.989718,53,0
434,8.5% Nepal Bank Debenture 2087,,,,,,NBLD87,0,,1000,,21932,19.63,,436,1019.5,768,1019.5,895.033827,151,0
435,8.5% Nepal Investment Bank Debenture 2084,,,,,,NIBD84,0,,1000,,25116,24.13,,320,1010,800,980.1,960.89173,133,0
436,8.5% Prabhu Bank Debenture 2087,,,,,,PBLD87,0,,1000,,28738,28.01,,194,1014,757,980,974.780064,89,0
437,8.5% RBBL Debenture 2083,,,,,,RBBD83,0,,1000,,21903,21.32,,65,1005,952.6,965,973.264141,32,0
438,8.5% Sanima Debenture 2087,,,,,,SBD87,0,,1000,,21660,20.23,,236,1018,770.4,1018,933.851583,92,0
439,8.5% SBL Debenture 2084,,,,,,SBLD84,0,,1000,,23999,23.71,,137,1030.2,822,1020,987.836768,61,0
440,8.75 % Prime Debenture 2085,,,,,,PBD85,0,,1000,,5961,5.65,,173,1017.9,786.1,1017.9,947.577084,89,0
441,9% Kamana Sewa Bikas Bank Limited Debenture 2087,,,,,,KSBBLD87,0,,1000000000,,7350,7.07,,196,1026,880,1025,962.049523,62,0
442,9% Nabil Debenture 2087,,,,,,NABILD87,0,,1000,,25380,26.13,,70,1060,950,1040.4,1029.358378,31,0
443,9% Nepal SBI Bank Rinpatra 2089,,,,,,SBID89,0,,1000,,12164,11.82,,247,1030,838,991.5,971.624399,82,0
444,9% NIC Asia Debenture 2081/82,,,,,,NICAD8182,0,,1000,,122901,123.98,,61,1059,931.2,1040,1008.817316,41,0
445,9.5% Manjushree Finance Limited Debenture 2085,,,,,,MFLD85,0,,1000,,11583,11.21,,269,1038.8,854,1038.8,967.531054,89,0
446,9.5% NCC Debenture 2086,,,,,,NCCD86,0,,3000000000,,65356,65.6,,243,1084,890.5,1043,1003.801378,70,0
447,"BOK Debenture 2086 ""KA""",,,,,,BOKD86KA,0,,1000,,275,0.29,,10,1075,1000,1075,1048.136363,7,0
448,Century Debenture 2088,,,,,,CCBD88,0,,1000,,33688,33.77,,339,1150,869,1119.9,1002.552241,152,0
449,Civil Bank Debenture 2088,,,,,,CBLD88,0,,1000,,40069,40.68,,648,1185.8,884,1185.8,1015.211921,173,0
450,Everest Bank Limited,,,,,,EBLD86,0,,1000,,14065,12.71,,365,1005,780,980,903.937568,136,0
451,"Garima Debenture, 2085",,,,,,GBBD85,0,,1000,,361134,355.73,,780,1040,800.1,988,985.025359,150,0
452,"Global IME Bank Debenture, 2084/85",,,,,,GBILD84/85,0,,1000,,118045,140.97,,114,1200,1000,1170,1194.198987,15,0
453,Global IME Bank Limited Debenture 2086/87,,,,,,GBILD86/87,0,,1000,,17188,16.03,,259,1014,765.8,1005,932.392512,109,0
454,"Himalayan Bank Limited Bond, 2086",,,,,,HBLD86,0,,1000,,8645,8.92,,110,1135,938,1135,1032.369878,58,0
455,Jyoti Bikash Bank Bond 2087,,,,,,JBBD87,0,,1000,,25758,25.01,,216,1040,805,973.1,970.964185,84,0
456,Muktinath Debenture 2084/85,,,,,,MND84/85,0,,1000,,2894,2.86,,69,1005,970,985,988.305666,24,0
457,Nabil Debenture 2085,,,,,,NBLD85,0,,1000,,8636,7.83,,249,1001.9,775,1000,906.649502,120,0
458,NIC ASIA Rinpatra 2088,,,,,,NICD88,0,,1000,,2965,2.9,,90,1000,967,971,978.735345,27,0
459,NIFRA Uraj Rinpatra7%-2085/86,,,,,,NIFRAUR85/86,0,,1000,,1460,1.31,,59,985,857,888.6,896.132534,31,0
460,NMB Debenture 10.75%-2089/90,,,,,,NMBD89/90,0,,1000,,110,0.12,,8,1094,1040,1094,1067.90909,2,0
461,NMB Debenture 8.50% - 2087/88,,,,,,NMBD87/88,0,,1000,,8326,7.52,,227,1015,760,975,903.270417,96,0
462,Shangri-la Development Bank Debenture 2087,,,,,,SDBD87,0,,1000,,11352,10.41,,229,1023,778.3,1000,917.357998,102,0
TOTAL,,,,,,,,6004688,,,6004.69,1971227,1998.9199999999998,,12635,,,,,,0
,,,,,,,,,,,,,,,,,,,,,
,,,,,,,,,,,,,,,,,,,,,
GRAND TOTAL,,,,,,,,12737193317,,,952272.56,2052150599,734684.4400000002,,14795645,,,,,,3553677.2300000004
